TAP version 13
# Subtest: email origins are trusted, absolute and production HTTPS only
ok 1 - email origins are trusted, absolute and production HTTPS only
  ---
  duration_ms: 20.715
  type: 'test'
  ...
# Subtest: unsafe production link configuration rejects before account creation
ok 2 - unsafe production link configuration rejects before account creation
  ---
  duration_ms: 76.3401
  type: 'test'
  ...
# Subtest: failed signup delivery leaves a recoverable account and preserves payment gating
ok 3 - failed signup delivery leaves a recoverable account and preserves payment gating
  ---
  duration_ms: 49.2398
  type: 'test'
  ...
# Subtest: account status and authenticated resend derive identity from authenticated user
ok 4 - account status and authenticated resend derive identity from authenticated user
  ---
  duration_ms: 13.7898
  type: 'test'
  ...
# Subtest: successful resend uses cooldown and hashed idempotency key without returning a raw token
ok 5 - successful resend uses cooldown and hashed idempotency key without returning a raw token
  ---
  duration_ms: 19.1627
  type: 'test'
  ...
# Subtest: failed resend revokes only its link and preserves an earlier delivered link
ok 6 - failed resend revokes only its link and preserves an earlier delivered link
  ---
  duration_ms: 19.5301
  type: 'test'
  ...
# Subtest: an older delivery failure cannot revoke a newer concurrent send
ok 7 - an older delivery failure cannot revoke a newer concurrent send
  ---
  duration_ms: 28.1543
  type: 'test'
  ...
# Subtest: verification is single use, purpose scoped and invalidates other verification links
ok 8 - verification is single use, purpose scoped and invalidates other verification links
  ---
  duration_ms: 19.7426
  type: 'test'
  ...
# Subtest: verification accepts legacy GET while rejecting expired or malformed links
ok 9 - verification accepts legacy GET while rejecting expired or malformed links
  ---
  duration_ms: 19.0876
  type: 'test'
  ...
# Subtest: reset changes the password, consumes all reset links and does not grant paid access
ok 10 - reset changes the password, consumes all reset links and does not grant paid access
  ---
  duration_ms: 34.0073
  type: 'test'
  ...
# Subtest: invalid reset input cannot consume a valid token or change a password
ok 11 - invalid reset input cannot consume a valid token or change a password
  ---
  duration_ms: 14.039
  type: 'test'
  ...
# Subtest: expired reset links cannot change passwords
ok 12 - expired reset links cannot change passwords
  ---
  duration_ms: 9.4788
  type: 'test'
  ...
# Subtest: forgotPassword keeps unknown, known and delivery failures indistinguishable
ok 13 - forgotPassword keeps unknown, known and delivery failures indistinguishable
  ---
  duration_ms: 18.6206
  type: 'test'
  ...
# Subtest: resendVerificationPublic keeps unknown, known and delivery failures indistinguishable
ok 14 - resendVerificationPublic keeps unknown, known and delivery failures indistinguishable
  ---
  duration_ms: 15.983
  type: 'test'
  ...
# Subtest: public recovery is bounded per IP without requiring a known account
ok 15 - public recovery is bounded per IP without requiring a known account
  ---
  duration_ms: 30.5663
  type: 'test'
  ...
# Subtest: production refuses console or missing configuration without making network requests or logging secrets
ok 16 - production refuses console or missing configuration without making network requests or logging secrets
  ---
  duration_ms: 8.4511
  type: 'test'
  ...
# Subtest: development console logs metadata only and identifies simulation
ok 17 - development console logs metadata only and identifies simulation
  ---
  duration_ms: 1.5314
  type: 'test'
  ...
# Subtest: provider retry preserves body and idempotency key for ambiguous outcomes
ok 18 - provider retry preserves body and idempotency key for ambiguous outcomes
  ---
  duration_ms: 182.5425
  type: 'test'
  ...
# Subtest: permanent provider rejection does not retry or expose its response
ok 19 - permanent provider rejection does not retry or expose its response
  ---
  duration_ms: 8.4139
  type: 'test'
  ...
# Subtest: persistent transport failure has exactly three attempts and a safe error
ok 20 - persistent transport failure has exactly three attempts and a safe error
  ---
  duration_ms: 7.8377
  type: 'test'
  ...
# Subtest: an HTTP success without a provider receipt is not reported accepted
ok 21 - an HTTP success without a provider receipt is not reported accepted
  ---
  duration_ms: 4.1378
  type: 'test'
  ...
# Subtest: invalid recipients, header injection and invalid keys are rejected before transport
ok 22 - invalid recipients, header injection and invalid keys are rejected before transport
  ---
  duration_ms: 3.0139
  type: 'test'
  ...
# Subtest: configured bcrypt costs below the required twelve rounds fail before account creation
ok 23 - configured bcrypt costs below the required twelve rounds fail before account creation
  ---
  duration_ms: 44.565
  type: 'test'
  ...
# Subtest: invalid bcrypt configuration cannot consume a reset link or replace a password
ok 24 - invalid bcrypt configuration cannot consume a reset link or replace a password
  ---
  duration_ms: 8.1512
  type: 'test'
  ...
# (node:135928) ExperimentalWarning: SQLite is an experimental feature and might change at any time
# (Use `node --trace-warnings ...` to show where the warning was created)
# Subtest: real application migration supports verification tokens and preserves consumption on restart
ok 25 - real application migration supports verification tokens and preserves consumption on restart
  ---
  duration_ms: 152.7208
  type: 'test'
  ...
# Subtest: parallel requests share one refresh and retain exact mutation bodies/idempotency keys
ok 26 - parallel requests share one refresh and retain exact mutation bodies/idempotency keys
  ---
  duration_ms: 136.9225
  type: 'test'
  ...
# Subtest: one protected 401 retries after refresh; a provider 403 never triggers refresh
ok 27 - one protected 401 retries after refresh; a provider 403 never triggers refresh
  ---
  duration_ms: 129.2149
  type: 'test'
  ...
# Subtest: an in-flight refresh cannot replace a newly signed-in account or clear it after failure
ok 28 - an in-flight refresh cannot replace a newly signed-in account or clear it after failure
  ---
  duration_ms: 3.9633
  type: 'test'
  ...
# Subtest: invalid session clears browser access, but a temporary refresh outage preserves it
ok 29 - invalid session clears browser access, but a temporary refresh outage preserves it
  ---
  duration_ms: 9.483
  type: 'test'
  ...
# Subtest: a cross-tab rotation conflict retries with the current cookie without clearing the winning session
ok 30 - a cross-tab rotation conflict retries with the current cookie without clearing the winning session
  ---
  duration_ms: 240.9394
  type: 'test'
  ...
# Subtest: logout clears local access only after server acknowledgement, and preserves it on failure
ok 31 - logout clears local access only after server acknowledgement, and preserves it on failure
  ---
  duration_ms: 5.9249
  type: 'test'
  ...
# Subtest: an old logout response cannot clear the new account credentials
ok 32 - an old logout response cannot clear the new account credentials
  ---
  duration_ms: 2.9093
  type: 'test'
  ...
# Subtest: session/billing storage identity remains stable through access rotation and isolated between accounts and sign-ins
ok 33 - session/billing storage identity remains stable through access rotation and isolated between accounts and sign-ins
  ---
  duration_ms: 924.1096
  type: 'test'
  ...
# Subtest: public quote requests omit cookies and never refresh the owner session
ok 34 - public quote requests omit cookies and never refresh the owner session
  ---
  duration_ms: 7.9229
  type: 'test'
  ...
# Subtest: login waits for the tab refresh to finish before issuing a new cookie
ok 35 - login waits for the tab refresh to finish before issuing a new cookie
  ---
  duration_ms: 28.3611
  type: 'test'
  ...
# Subtest: production login issues a Secure host cookie; no refresh secret appears in JSON
ok 36 - production login issues a Secure host cookie; no refresh secret appears in JSON
  ---
  duration_ms: 216.1279
  type: 'test'
  ...
# Subtest: refresh rotates its cookie once, binds to the signed access session, and leaves a conflict cookie untouched
ok 37 - refresh rotates its cookie once, binds to the signed access session, and leaves a conflict cookie untouched
  ---
  duration_ms: 118.7199
  type: 'test'
  ...
# Subtest: hostile origins cannot log in, create accounts, refresh, reset passwords or log out
ok 38 - hostile origins cannot log in, create accounts, refresh, reset passwords or log out
  ---
  duration_ms: 25.1822
  type: 'test'
  ...
# Subtest: expired access can refresh within eight hours; logout revokes expired signed access too
ok 39 - expired access can refresh within eight hours; logout revokes expired signed access too
  ---
  duration_ms: 62.2692
  type: 'test'
  ...
# Subtest: an old tab logout preserves the newer account cookie and session
ok 40 - an old tab logout preserves the newer account cookie and session
  ---
  duration_ms: 78.1615
  type: 'test'
  ...
# Subtest: password reset atomically revokes every session for that account while another tenant remains valid
ok 41 - password reset atomically revokes every session for that account while another tenant remains valid
  ---
  duration_ms: 86.1923
  type: 'test'
  ...
# Subtest: reset revocation failure rolls back password and link consumption
ok 42 - reset revocation failure rolls back password and link consumption
  ---
  duration_ms: 30.2091
  type: 'test'
  ...
# Subtest: password reset cannot be bypassed by a login whose password comparison was already in flight
ok 43 - password reset cannot be bypassed by a login whose password comparison was already in flight
  ---
  duration_ms: 27.243
  type: 'test'
  ...
# Subtest: durable login reservations stop a parallel password-guess burst before hashing and survive handler recreation
ok 44 - durable login reservations stop a parallel password-guess burst before hashing and survive handler recreation
  ---
  duration_ms: 30.6044
  type: 'test'
  ...
# Subtest: successful logins release their durable reservation; a broken session store fails closed
ok 45 - successful logins release their durable reservation; a broken session store fails closed
  ---
  duration_ms: 66.5108
  type: 'test'
  ...
# Subtest: logout store failure does not claim success or clear the cookie; stateless tokens cannot authorize
ok 46 - logout store failure does not claim success or clear the cookie; stateless tokens cannot authorize
  ---
  duration_ms: 30.3608
  type: 'test'
  ...
# Subtest: two actual workers contending for the same refresh receipt produce one success and one conflict
ok 47 - two actual workers contending for the same refresh receipt produce one success and one conflict
  ---
  duration_ms: 10818.3778
  type: 'test'
  ...
# Subtest: refresh chooses the signed session cookie when multiple session cookies arrive
ok 48 - refresh chooses the signed session cookie when multiple session cookies arrive
  ---
  duration_ms: 26.0143
  type: 'test'
  ...
# Subtest: a foreign receipt under the selected cookie name cannot refresh or revoke the foreign session
ok 49 - a foreign receipt under the selected cookie name cannot refresh or revoke the foreign session
  ---
  duration_ms: 30.5011
  type: 'test'
  ...
# Subtest: anonymous logout does not select, revoke or expire another signed-in session
ok 50 - anonymous logout does not select, revoke or expire another signed-in session
  ---
  duration_ms: 18.9697
  type: 'test'
  ...
# Subtest: legacy shared cookie names and duplicate selected cookies fail closed without changing other cookies
ok 51 - legacy shared cookie names and duplicate selected cookies fail closed without changing other cookies
  ---
  duration_ms: 27.744
  type: 'test'
  ...
# Subtest: logout revokes signed intent and expires only its own cookie even when that cookie is missing
ok 52 - logout revokes signed intent and expires only its own cookie even when that cookie is missing
  ---
  duration_ms: 21.3214
  type: 'test'
  ...
# Subtest: fresh sign-ins to the same account have isolated cookie names and logout boundaries
ok 53 - fresh sign-ins to the same account have isolated cookie names and logout boundaries
  ---
  duration_ms: 23.2901
  type: 'test'
  ...
# Subtest: session creates short access token, eight-hour absolute expiry and hashed refresh storage
ok 54 - session creates short access token, eight-hour absolute expiry and hashed refresh storage
  ---
  duration_ms: 96.1198
  type: 'test'
  ...
# Subtest: access and refresh expire at exact boundaries; refresh never extends absolute lifetime
ok 55 - access and refresh expire at exact boundaries; refresh never extends absolute lifetime
  ---
  duration_ms: 20.5484
  type: 'test'
  ...
# Subtest: refresh rotates one-use secret; replay conflict does not revoke a successful concurrent refresh
ok 56 - refresh rotates one-use secret; replay conflict does not revoke a successful concurrent refresh
  ---
  duration_ms: 22.4216
  type: 'test'
  ...
# Subtest: logout revokes only the selected session; password reset revokes all user sessions
ok 57 - logout revokes only the selected session; password reset revokes all user sessions
  ---
  duration_ms: 35.5457
  type: 'test'
  ...
# Subtest: credential changes invalidate all old access/refresh tokens and reject stale login snapshots
ok 58 - credential changes invalidate all old access/refresh tokens and reject stale login snapshots
  ---
  duration_ms: 26.0821
  type: 'test'
  ...
# Subtest: password mutation and session revocation roll back together on transaction failure
ok 59 - password mutation and session revocation roll back together on transaction failure
  ---
  duration_ms: 10.3548
  type: 'test'
  ...
# Subtest: delete change cannot retain an owner session
ok 60 - delete change cannot retain an owner session
  ---
  duration_ms: 12.5417
  type: 'test'
  ...
# Subtest: role change cannot retain an owner session
ok 61 - role change cannot retain an owner session
  ---
  duration_ms: 14.9249
  type: 'test'
  ...
# Subtest: email change cannot retain an owner session
ok 62 - email change cannot retain an owner session
  ---
  duration_ms: 12.7779
  type: 'test'
  ...
# Subtest: staff reparenting or missing owner cannot carry a session to another tenant
ok 63 - staff reparenting or missing owner cannot carry a session to another tenant
  ---
  duration_ms: 16.0443
  type: 'test'
  ...
# Subtest: admin sessions bind to current environment credentials and explicit admin provenance
ok 64 - admin sessions bind to current environment credentials and explicit admin provenance
  ---
  duration_ms: 8.6755
  type: 'test'
  ...
# Subtest: stateless, malformed or transplanted JWT claims never authorize a session
ok 65 - stateless, malformed or transplanted JWT claims never authorize a session
  ---
  duration_ms: 11.8881
  type: 'test'
  ...
# Subtest: session and refresh receipts survive service restart and share a single winner across SQLite connections
ok 66 - session and refresh receipts survive service restart and share a single winner across SQLite connections
  ---
  duration_ms: 5552.1204
  type: 'test'
  ...
# Subtest: signing failure rolls back both the session and refresh receipt
ok 67 - signing failure rolls back both the session and refresh receipt
  ---
  duration_ms: 5.628
  type: 'test'
  ...
# Subtest: limiter persists reservations across services; successful login release does not consume failure allowance
ok 68 - limiter persists reservations across services; successful login release does not consume failure allowance
  ---
  duration_ms: 14.0327
  type: 'test'
  ...
# Subtest: old-window completion cannot release a new-window reservation
ok 69 - old-window completion cannot release a new-window reservation
  ---
  duration_ms: 9.517
  type: 'test'
  ...
# Subtest: limiter capacity is bounded and expired records are reclaimed
ok 70 - limiter capacity is bounded and expired records are reclaimed
  ---
  duration_ms: 6.1357
  type: 'test'
  ...
# Subtest: limiter shares counters across actual database connections
ok 71 - limiter shares counters across actual database connections
  ---
  duration_ms: 3727.8833
  type: 'test'
  ...
# Subtest: issues 256-bit tokens, persists only a SHA-256 hash, and enforces TTL policy
ok 72 - issues 256-bit tokens, persists only a SHA-256 hash, and enforces TTL policy
  ---
  duration_ms: 66.9712
  type: 'test'
  ...
# Subtest: purpose binding fails generically without burning a valid token and consumption is one-use
ok 73 - purpose binding fails generically without burning a valid token and consumption is one-use
  ---
  duration_ms: 13.4681
  type: 'test'
  ...
# Subtest: unknown, malformed, polluted-prototype, accessor, and unsupported-purpose inputs have one public failure
ok 74 - unknown, malformed, polluted-prototype, accessor, and unsupported-purpose inputs have one public failure
  ---
  duration_ms: 10.6562
  type: 'test'
  ...
# Subtest: a token is expired at the exact expiry boundary and remains unusable
ok 75 - a token is expired at the exact expiry boundary and remains unusable
  ---
  duration_ms: 6.391
  type: 'test'
  ...
# Subtest: tokens survive process-style service restart without raw-token persistence
ok 76 - tokens survive process-style service restart without raw-token persistence
  ---
  duration_ms: 3707.1164
  type: 'test'
  ...
# Subtest: explicit invalidation and default replacement revoke all earlier outstanding tokens
ok 77 - explicit invalidation and default replacement revoke all earlier outstanding tokens
  ---
  duration_ms: 8.7839
  type: 'test'
  ...
# Subtest: hash collisions retry, and exhausted retries roll back replacement invalidation
ok 78 - hash collisions retry, and exhausted retries roll back replacement invalidation
  ---
  duration_ms: 14.4633
  type: 'test'
  ...
# Subtest: database failures and consume callbacks roll back atomically without leaking internals
ok 79 - database failures and consume callbacks roll back atomically without leaking internals
  ---
  duration_ms: 11.9767
  type: 'test'
  ...
# Subtest: competing consumers on separate SQLite connections cannot both consume one token
ok 80 - competing consumers on separate SQLite connections cannot both consume one token
  ---
  duration_ms: 4260.4819
  type: 'test'
  ...
# Subtest: schema triggers make identity immutable and consumption irreversible
ok 81 - schema triggers make identity immutable and consumption irreversible
  ---
  duration_ms: 12.6338
  type: 'test'
  ...
# Subtest: billing stays fully disabled unless explicitly enabled
ok 82 - billing stays fully disabled unless explicitly enabled
  ---
  duration_ms: 14.8641
  type: 'test'
  ...
# Subtest: one validated configuration drives Checkout and webhook price authority
ok 83 - one validated configuration drives Checkout and webhook price authority
  ---
  duration_ms: 10.0403
  type: 'test'
  ...
# Subtest: billing rejects test credentials in production and malformed signing secrets
ok 84 - billing rejects test credentials in production and malformed signing secrets
  ---
  duration_ms: 3.3955
  type: 'test'
  ...
# Subtest: billing rejects missing, duplicate, or unsafe price and redirect configuration
ok 85 - billing rejects missing, duplicate, or unsafe price and redirect configuration
  ---
  duration_ms: 2.4955
  type: 'test'
  ...
# Subtest: loopback HTTP billing URLs are development-only
ok 86 - loopback HTTP billing URLs are development-only
  ---
  duration_ms: 6.6676
  type: 'test'
  ...
# Subtest: launch configuration requires only the two offered plans; legacy Scale prices are not offered
ok 87 - launch configuration requires only the two offered plans; legacy Scale prices are not offered
  ---
  duration_ms: 2.1566
  type: 'test'
  ...
# (node:138084) ExperimentalWarning: SQLite is an experimental feature and might change at any time
# (Use `node --trace-warnings ...` to show where the warning was created)
# Subtest: webhook installer keeps the raw parser before the handler and exposes the exact supported allowlist
ok 88 - webhook installer keeps the raw parser before the handler and exposes the exact supported allowlist
  ---
  duration_ms: 11.725
  type: 'test'
  ...
# Subtest: verified webhook bytes are passed unchanged and supported events are acknowledged generically
ok 89 - verified webhook bytes are passed unchanged and supported events are acknowledged generically
  ---
  duration_ms: 2.8451
  type: 'test'
  ...
# Subtest: webhook rejects parsed bodies, missing or bad signatures, and state failures without leaking details
ok 90 - webhook rejects parsed bodies, missing or bad signatures, and state failures without leaking details
  ---
  duration_ms: 3.3282
  type: 'test'
  ...
# Subtest: unsupported verified events are ignored and Checkout line items are hydrated without replacing signed identity
ok 91 - unsupported verified events are ignored and Checkout line items are hydrated without replacing signed identity
  ---
  duration_ms: 3.2692
  type: 'test'
  ...
# Subtest: Checkout hydration fails closed when the retrieved first-class identity does not match the signed event
ok 92 - Checkout hydration fails closed when the retrieved first-class identity does not match the signed event
  ---
  duration_ms: 7.1774
  type: 'test'
  ...
# Subtest: authenticated Checkout creates and persists one provider customer, uses configured prices, and never grants access
ok 93 - authenticated Checkout creates and persists one provider customer, uses configured prices, and never grants access
  ---
  duration_ms: 89.5131
  type: 'test'
  ...
# Subtest: an expired open Checkout releases the owner slot while the original key still replays its sealed response
ok 94 - an expired open Checkout releases the owner slot while the original key still replays its sealed response
  ---
  duration_ms: 48.4475
  type: 'test'
  ...
# Subtest: an ambiguous provider failure permits only the same-key recovery with the same Stripe idempotency key
ok 95 - an ambiguous provider failure permits only the same-key recovery with the same Stripe idempotency key
  ---
  duration_ms: 48.4477
  type: 'test'
  ...
# Subtest: an unresolved claim cannot create a subscription after the owner becomes active
ok 96 - an unresolved claim cannot create a subscription after the owner becomes active
  ---
  duration_ms: 82.3109
  type: 'test'
  ...
# Subtest: an unrecovered claim older than Stripe idempotency retention fails closed for every key
ok 97 - an unrecovered claim older than Stripe idempotency retention fails closed for every key
  ---
  duration_ms: 152.302
  type: 'test'
  ...
# Subtest: Checkout accepts only the closed plan/interval contract and requires a stable client idempotency key
ok 98 - Checkout accepts only the closed plan/interval contract and requires a stable client idempotency key
  ---
  duration_ms: 109.7016
  type: 'test'
  ...
# Subtest: billing portal uses only the stored customer mapping and rejects body-supplied ownership
ok 99 - billing portal uses only the stored customer mapping and rejects body-supplied ownership
  ---
  duration_ms: 125.1541
  type: 'test'
  ...
# Subtest: Checkout blocks a second subscription and portal never creates an unmapped customer
ok 100 - Checkout blocks a second subscription and portal never creates an unmapped customer
  ---
  duration_ms: 149.3844
  type: 'test'
  ...
# Subtest: verified terminal deletion permits resubscription while the original request remains replayable after activation
ok 101 - verified terminal deletion permits resubscription while the original request remains replayable after activation
  ---
  duration_ms: 71.1542
  type: 'test'
  ...
# Subtest: billing route configuration fails closed on incomplete prices, unsafe redirects, and invalid integration labels
ok 102 - billing route configuration fails closed on incomplete prices, unsafe redirects, and invalid integration labels
  ---
  duration_ms: 70.0167
  type: 'test'
  ...
# Subtest: Scale Checkout is rejected before creating a customer or session
ok 103 - Scale Checkout is rejected before creating a customer or session
  ---
  duration_ms: 41.0835
  type: 'test'
  ...
# (node:137848) ExperimentalWarning: SQLite is an experimental feature and might change at any time
# (Use `node --trace-warnings ...` to show where the warning was created)
# Subtest: billing schema stores first-class evidence and sanitized idempotent event receipts
ok 104 - billing schema stores first-class evidence and sanitized idempotent event receipts
  ---
  duration_ms: 64.8184
  type: 'test'
  ...
# Subtest: fresh, direct-write, and legacy unevidenced trials fail closed to pending_payment
ok 105 - fresh, direct-write, and legacy unevidenced trials fail closed to pending_payment
  ---
  duration_ms: 69.0365
  type: 'test'
  ...
# Subtest: verified event application is idempotent and never stores raw customer metadata
ok 106 - verified event application is idempotent and never stores raw customer metadata
  ---
  duration_ms: 71.6495
  type: 'test'
  ...
# Subtest: same event ID with changed authoritative fields is rejected
ok 107 - same event ID with changed authoritative fields is rejected
  ---
  duration_ms: 40.066
  type: 'test'
  ...
# Subtest: customer and subscription IDs mapped to different owners are rejected atomically
ok 108 - customer and subscription IDs mapped to different owners are rejected atomically
  ---
  duration_ms: 37.4639
  type: 'test'
  ...
# Subtest: unrecognized prices and ambiguous base plans are rejected without changing access
ok 109 - unrecognized prices and ambiguous base plans are rejected without changing access
  ---
  duration_ms: 39.7198
  type: 'test'
  ...
# Subtest: an older out-of-order failure is receipted but cannot regress newer active state
ok 110 - an older out-of-order failure is receipted but cannot regress newer active state
  ---
  duration_ms: 52.8112
  type: 'test'
  ...
# Subtest: payment failure preserves seven days of service and paid recovery restores immediately
ok 111 - payment failure preserves seven days of service and paid recovery restores immediately
  ---
  duration_ms: 54.944
  type: 'test'
  ...
# Subtest: expired grace is suspended idempotently and queues one transition
ok 112 - expired grace is suspended idempotently and queues one transition
  ---
  duration_ms: 53.9592
  type: 'test'
  ...
# Subtest: subscription deletion cancels immediately and a later stale active update cannot reopen it
ok 113 - subscription deletion cancels immediately and a later stale active update cannot reopen it
  ---
  duration_ms: 43.2903
  type: 'test'
  ...
# Subtest: verified terminal deletion permits only a newer server-ledger Checkout to bind a replacement subscription
ok 114 - verified terminal deletion permits only a newer server-ledger Checkout to bind a replacement subscription
  ---
  duration_ms: 60.3085
  type: 'test'
  ...
# Subtest: Checkout completion without paid or setup evidence cannot start a trial
ok 115 - Checkout completion without paid or setup evidence cannot start a trial
  ---
  duration_ms: 68.0302
  type: 'test'
  ...
# Subtest: a state-write failure rolls back identifier binding, logs, outbox, and receipt
ok 116 - a state-write failure rolls back identifier binding, logs, outbox, and receipt
  ---
  duration_ms: 51.0149
  type: 'test'
  ...
# Subtest: booking owner routes expose the complete configuration surface
ok 117 - booking owner routes expose the complete configuration surface
  ---
  duration_ms: 11.3066
  type: 'test'
  ...
# Subtest: route handlers derive tenant identity from auth context and pass bodies unchanged to strict service validation
ok 118 - route handlers derive tenant identity from auth context and pass bodies unchanged to strict service validation
  ---
  duration_ms: 3.5066
  type: 'test'
  ...
# (node:138020) ExperimentalWarning: SQLite is an experimental feature and might change at any time
# (Use `node --trace-warnings ...` to show where the warning was created)
# Subtest: owner settings and per-service policy become direct-ready only from owner-scoped saved state
ok 119 - owner settings and per-service policy become direct-ready only from owner-scoped saved state
  ---
  duration_ms: 348.0523
  type: 'test'
  ...
# Subtest: tenant isolation prevents reading or writing another owner service policy
ok 120 - tenant isolation prevents reading or writing another owner service policy
  ---
  duration_ms: 17.6106
  type: 'test'
  ...
# Subtest: settings validation is closed and rejects invalid timezone, hours, overlaps, and bounds without writes
ok 121 - settings validation is closed and rejects invalid timezone, hours, overlaps, and bounds without writes
  ---
  duration_ms: 86.0567
  type: 'test'
  ...
# Subtest: policy validation rejects invalid modes, durations, fields, unknown services, and ambiguous tiers
ok 122 - policy validation rejects invalid modes, durations, fields, unknown services, and ambiguous tiers
  ---
  duration_ms: 49.6086
  type: 'test'
  ...
# Subtest: widget branding and origin allowlist are strict, tenant-scoped, and preserve the public key
ok 123 - widget branding and origin allowlist are strict, tenant-scoped, and preserve the public key
  ---
  duration_ms: 149.8381
  type: 'test'
  ...
# Subtest: widget settings and access-key creation roll back together on key collision
ok 124 - widget settings and access-key creation roll back together on key collision
  ---
  duration_ms: 10.9587
  type: 'test'
  ...
# Subtest: readiness fails closed for missing credentials and empty hours, while Calendly is only an external handoff
ok 125 - readiness fails closed for missing credentials and empty hours, while Calendly is only an external handoff
  ---
  duration_ms: 65.0207
  type: 'test'
  ...
# Subtest: structured service-area readiness distinguishes missing, invalid, and valid policies without exposing city data
ok 126 - structured service-area readiness distinguishes missing, invalid, and valid policies without exposing city data
  ---
  duration_ms: 38.2674
  type: 'test'
  ...
# Subtest: booking capability fails closed through explicit, direct, handoff, and preference states
ok 127 - booking capability fails closed through explicit, direct, handoff, and preference states
  ---
  duration_ms: 144.0108
  type: 'test'
  ...
# Subtest: public branding validates every owner-configurable value
ok 128 - public branding validates every owner-configurable value
  ---
  duration_ms: 7.0426
  type: 'test'
  ...
# (node:137968) ExperimentalWarning: SQLite is an experimental feature and might change at any time
# (Use `node --trace-warnings ...` to show where the warning was created)
# Subtest: preference request atomically stores a callback request without claiming a booking
ok 129 - preference request atomically stores a callback request without claiming a booking
  ---
  duration_ms: 140.4852
  type: 'test'
  ...
# Subtest: tenant isolation and expired or inactive intent checks happen before writes
ok 130 - tenant isolation and expired or inactive intent checks happen before writes
  ---
  duration_ms: 22.4495
  type: 'test'
  ...
# Subtest: request validation is closed and rejects malformed nested data
ok 131 - request validation is closed and rejects malformed nested data
  ---
  duration_ms: 95.2937
  type: 'test'
  ...
# Subtest: future dates use settings timezone, then a valid owner timezone fallback
ok 132 - future dates use settings timezone, then a valid owner timezone fallback
  ---
  duration_ms: 19.5309
  type: 'test'
  ...
# Subtest: exact retry survives restart and expiry while changed payload conflicts
ok 133 - exact retry survives restart and expiry while changed payload conflicts
  ---
  duration_ms: 9.8645
  type: 'test'
  ...
# Subtest: outbox failure rolls back preference and idempotency receipt atomically
ok 134 - outbox failure rolls back preference and idempotency receipt atomically
  ---
  duration_ms: 9.3415
  type: 'test'
  ...
# Subtest: public booking context binds token tenant and exact allowed website origin
ok 135 - public booking context binds token tenant and exact allowed website origin
  ---
  duration_ms: 16.8076
  type: 'test'
  ...
# Subtest: availability requires unchanged scope and a strict post-quote identity envelope
ok 136 - availability requires unchanged scope and a strict post-quote identity envelope
  ---
  duration_ms: 7.1571
  type: 'test'
  ...
# Subtest: hold, release, confirm, and polling forward only server-bound context
ok 137 - hold, release, confirm, and polling forward only server-bound context
  ---
  duration_ms: 11.4937
  type: 'test'
  ...
# (node:137440) ExperimentalWarning: SQLite is an experimental feature and might change at any time
# (Use `node --trace-warnings ...` to show where the warning was created)
# Subtest: booking tokens resolve tenant context without accepting a body ownerId
ok 138 - booking tokens resolve tenant context without accepting a body ownerId
  ---
  duration_ms: 38.8859
  type: 'test'
  ...
# Subtest: tenant-scoped availability does not reveal another owner intent
ok 139 - tenant-scoped availability does not reveal another owner intent
  ---
  duration_ms: 11.0324
  type: 'test'
  ...
# Subtest: unconfigured and out-of-area requests fall back before any calendar read
ok 140 - unconfigured and out-of-area requests fall back before any calendar read
  ---
  duration_ms: 107.1566
  type: 'test'
  ...
# Subtest: confirmation rechecks current service-area policy before provider work
ok 141 - confirmation rechecks current service-area policy before provider work
  ---
  duration_ms: 178.517
  type: 'test'
  ...
# Subtest: slot IDs are opaque and tampering is rejected without creating a hold
ok 142 - slot IDs are opaque and tampering is rejected without creating a hold
  ---
  duration_ms: 124.0843
  type: 'test'
  ...
# Subtest: holds last exactly five minutes, retry exactly, block overlap, and release after expiry
ok 143 - holds last exactly five minutes, retry exactly, block overlap, and release after expiry
  ---
  duration_ms: 257.0853
  type: 'test'
  ...
# Subtest: hold release is tenant-scoped, exact-replay idempotent, and stable after expiry
ok 144 - hold release is tenant-scoped, exact-replay idempotent, and stable after expiry
  ---
  duration_ms: 190.8604
  type: 'test'
  ...
# Subtest: idempotency key reuse with a changed hold payload is rejected
ok 145 - idempotency key reuse with a changed hold payload is rejected
  ---
  duration_ms: 180.6276
  type: 'test'
  ...
# Subtest: a policy revision change invalidates a held slot before provider work
ok 146 - a policy revision change invalidates a held slot before provider work
  ---
  duration_ms: 269.5548
  type: 'test'
  ...
# Subtest: review outcomes cannot book a job directly, and released multi-tier jobs require a valid tier
ok 147 - review outcomes cannot book a job directly, and released multi-tier jobs require a valid tier
  ---
  duration_ms: 172.155
  type: 'test'
  ...
# Subtest: confirmed provider result commits one appointment and one outbox event, with exact retry
ok 148 - confirmed provider result commits one appointment and one outbox event, with exact retry
  ---
  duration_ms: 167.4014
  type: 'test'
  ...
# Subtest: pending confirmation is customer-safe, opaque, pollable, and exact-replay idempotent
ok 149 - pending confirmation is customer-safe, opaque, pollable, and exact-replay idempotent
  ---
  duration_ms: 155.5237
  type: 'test'
  ...
# Subtest: confirmation polling reconciles pending to the full confirmed public shape without changing the confirm receipt
ok 150 - confirmation polling reconciles pending to the full confirmed public shape without changing the confirm receipt
  ---
  duration_ms: 196.2343
  type: 'test'
  ...
# Subtest: confirmation polling returns an exact customer-safe failure shape
ok 151 - confirmation polling returns an exact customer-safe failure shape
  ---
  duration_ms: 180.7622
  type: 'test'
  ...
# Subtest: a provider conflict discovered after the hold releases it without creating an event
ok 152 - a provider conflict discovered after the hold releases it without creating an event
  ---
  duration_ms: 116.4647
  type: 'test'
  ...
# Subtest: known provider failure returns 503, preserves the unexpired hold, and retries from receipt
ok 153 - known provider failure returns 503, preserves the unexpired hold, and retries from receipt
  ---
  duration_ms: 120.4232
  type: 'test'
  ...
# Subtest: ambiguous provider timeout reconciles by deterministic event lookup
ok 154 - ambiguous provider timeout reconciles by deterministic event lookup
  ---
  duration_ms: 126.9126
  type: 'test'
  ...
# Subtest: calendar conversion rejects a spring-forward wall time and preserves both fall-back instants
ok 155 - calendar conversion rejects a spring-forward wall time and preserves both fall-back instants
  ---
  duration_ms: 10.7277
  type: 'test'
  ...
# Subtest: Provider confirmation create: missing-status never books or emits booked notification
ok 156 - Provider confirmation create: missing-status never books or emits booked notification
  ---
  duration_ms: 125.1666
  type: 'test'
  ...
# Subtest: Provider confirmation create: tentative never books or emits booked notification
ok 157 - Provider confirmation create: tentative never books or emits booked notification
  ---
  duration_ms: 126.4913
  type: 'test'
  ...
# Subtest: Provider confirmation create: cancelled never books or emits booked notification
ok 158 - Provider confirmation create: cancelled never books or emits booked notification
  ---
  duration_ms: 113.6868
  type: 'test'
  ...
# Subtest: Provider confirmation create: wrong-id never books or emits booked notification
ok 159 - Provider confirmation create: wrong-id never books or emits booked notification
  ---
  duration_ms: 112.1028
  type: 'test'
  ...
# Subtest: Provider confirmation create: wrong-day never books or emits booked notification
ok 160 - Provider confirmation create: wrong-day never books or emits booked notification
  ---
  duration_ms: 118.9082
  type: 'test'
  ...
# Subtest: Provider confirmation create: wrong-duration never books or emits booked notification
ok 161 - Provider confirmation create: wrong-duration never books or emits booked notification
  ---
  duration_ms: 126.449
  type: 'test'
  ...
# Subtest: Provider confirmation create: missing-start never books or emits booked notification
ok 162 - Provider confirmation create: missing-start never books or emits booked notification
  ---
  duration_ms: 123.9193
  type: 'test'
  ...
# Subtest: Provider confirmation create: numeric-start never books or emits booked notification
ok 163 - Provider confirmation create: numeric-start never books or emits booked notification
  ---
  duration_ms: 128.0642
  type: 'test'
  ...
# Subtest: Provider confirmation recovery: missing-status never books or emits booked notification
ok 164 - Provider confirmation recovery: missing-status never books or emits booked notification
  ---
  duration_ms: 142.1528
  type: 'test'
  ...
# Subtest: Provider confirmation recovery: tentative never books or emits booked notification
ok 165 - Provider confirmation recovery: tentative never books or emits booked notification
  ---
  duration_ms: 137.5974
  type: 'test'
  ...
# Subtest: Provider confirmation recovery: cancelled never books or emits booked notification
ok 166 - Provider confirmation recovery: cancelled never books or emits booked notification
  ---
  duration_ms: 158.4651
  type: 'test'
  ...
# Subtest: Provider confirmation recovery: wrong-id never books or emits booked notification
ok 167 - Provider confirmation recovery: wrong-id never books or emits booked notification
  ---
  duration_ms: 158.2641
  type: 'test'
  ...
# Subtest: Provider confirmation recovery: wrong-day never books or emits booked notification
ok 168 - Provider confirmation recovery: wrong-day never books or emits booked notification
  ---
  duration_ms: 134.7829
  type: 'test'
  ...
# Subtest: Provider confirmation recovery: wrong-duration never books or emits booked notification
ok 169 - Provider confirmation recovery: wrong-duration never books or emits booked notification
  ---
  duration_ms: 117.9744
  type: 'test'
  ...
# Subtest: Provider confirmation recovery: missing-start never books or emits booked notification
ok 170 - Provider confirmation recovery: missing-start never books or emits booked notification
  ---
  duration_ms: 107.185
  type: 'test'
  ...
# Subtest: Provider confirmation recovery: numeric-start never books or emits booked notification
ok 171 - Provider confirmation recovery: numeric-start never books or emits booked notification
  ---
  duration_ms: 162.6777
  type: 'test'
  ...
# Subtest: Provider confirmation poll: missing-status never books or emits booked notification
ok 172 - Provider confirmation poll: missing-status never books or emits booked notification
  ---
  duration_ms: 144.5547
  type: 'test'
  ...
# Subtest: Provider confirmation poll: tentative never books or emits booked notification
ok 173 - Provider confirmation poll: tentative never books or emits booked notification
  ---
  duration_ms: 156.9794
  type: 'test'
  ...
# Subtest: Provider confirmation poll: cancelled never books or emits booked notification
ok 174 - Provider confirmation poll: cancelled never books or emits booked notification
  ---
  duration_ms: 135.8794
  type: 'test'
  ...
# Subtest: Provider confirmation poll: wrong-id never books or emits booked notification
ok 175 - Provider confirmation poll: wrong-id never books or emits booked notification
  ---
  duration_ms: 158.6195
  type: 'test'
  ...
# Subtest: Provider confirmation poll: wrong-day never books or emits booked notification
ok 176 - Provider confirmation poll: wrong-day never books or emits booked notification
  ---
  duration_ms: 187.0205
  type: 'test'
  ...
# Subtest: Provider confirmation poll: wrong-duration never books or emits booked notification
ok 177 - Provider confirmation poll: wrong-duration never books or emits booked notification
  ---
  duration_ms: 168.0224
  type: 'test'
  ...
# Subtest: Provider confirmation poll: missing-start never books or emits booked notification
ok 178 - Provider confirmation poll: missing-start never books or emits booked notification
  ---
  duration_ms: 133.1253
  type: 'test'
  ...
# Subtest: Provider confirmation poll: numeric-start never books or emits booked notification
ok 179 - Provider confirmation poll: numeric-start never books or emits booked notification
  ---
  duration_ms: 168.4883
  type: 'test'
  ...
# Subtest: Provider confirmation accepts the same exact instants expressed with another timezone offset
ok 180 - Provider confirmation accepts the same exact instants expressed with another timezone offset
  ---
  duration_ms: 172.3484
  type: 'test'
  ...
# Subtest: One intent cannot create another appointment through a different hold or idempotency key
ok 181 - One intent cannot create another appointment through a different hold or idempotency key
  ---
  duration_ms: 151.4838
  type: 'test'
  ...
# Subtest: Interrupted pre-write preparation releases its slot and fences a late handler
ok 182 - Interrupted pre-write preparation releases its slot and fences a late handler
  ---
  duration_ms: 168.8296
  type: 'test'
  ...
# Subtest: Interrupted pre-write preparation releases its slot and fences a late handler with a late read failure
ok 183 - Interrupted pre-write preparation releases its slot and fences a late handler with a late read failure
  ---
  duration_ms: 149.1784
  type: 'test'
  ...
# Subtest: A provider write already started remains pending after restart until its exact event is confirmed
ok 184 - A provider write already started remains pending after restart until its exact event is confirmed
  ---
  duration_ms: 168.2194
  type: 'test'
  ...
# Subtest: Opus booking: missing event after write marker retries the exact saved event and confirms once
ok 185 - Opus booking: missing event after write marker retries the exact saved event and confirms once
  ---
  duration_ms: 218.2452
  type: 'test'
  ...
# Subtest: Opus booking: simultaneous recovery polls create only one retry
ok 186 - Opus booking: simultaneous recovery polls create only one retry
  ---
  duration_ms: 151.6902
  type: 'test'
  ...
# Subtest: Opus booking control: lookup-failed never creates a new event or announces confirmation
ok 187 - Opus booking control: lookup-failed never creates a new event or announces confirmation
  ---
  duration_ms: 168.4629
  type: 'test'
  ...
# Subtest: Opus booking control: busy never creates a new event or announces confirmation
ok 188 - Opus booking control: busy never creates a new event or announces confirmation
  ---
  duration_ms: 129.2627
  type: 'test'
  ...
# Subtest: Opus booking control: policy-changed never creates a new event or announces confirmation
ok 189 - Opus booking control: policy-changed never creates a new event or announces confirmation
  ---
  duration_ms: 117.9736
  type: 'test'
  ...
# Subtest: Opus booking control: calendar-changed never creates a new event or announces confirmation
ok 190 - Opus booking control: calendar-changed never creates a new event or announces confirmation
  ---
  duration_ms: 125.1446
  type: 'test'
  ...
# Subtest: Opus booking control: no-idempotency never creates a new event or announces confirmation
ok 191 - Opus booking control: no-idempotency never creates a new event or announces confirmation
  ---
  duration_ms: 139.2255
  type: 'test'
  ...
# Subtest: Opus booking control: expired-time never creates a new event or announces confirmation
ok 192 - Opus booking control: expired-time never creates a new event or announces confirmation
  ---
  duration_ms: 132.0845
  type: 'test'
  ...
# Subtest: Opus booking: existing event is reconciled without a write
ok 193 - Opus booking: existing event is reconciled without a write
  ---
  duration_ms: 137.8173
  type: 'test'
  ...
# Subtest: booking token receipts round trip without exposing the public token
ok 194 - booking token receipts round trip without exposing the public token
  ---
  duration_ms: 23.5089
  type: 'test'
  ...
# Subtest: booking token receipts reject tampering, wrong keys, and incomplete payloads
ok 195 - booking token receipts reject tampering, wrong keys, and incomplete payloads
  ---
  duration_ms: 6.9224
  type: 'test'
  ...
# Subtest: calendar credentials encrypt with authenticated encryption and round trip
ok 196 - calendar credentials encrypt with authenticated encryption and round trip
  ---
  duration_ms: 60.2096
  type: 'test'
  ...
# Subtest: calendar credential tampering and invalid keys fail closed
ok 197 - calendar credential tampering and invalid keys fail closed
  ---
  duration_ms: 6.0086
  type: 'test'
  ...
# Subtest: legacy plaintext Google credentials are encrypted before profile metadata is scrubbed
ok 198 - legacy plaintext Google credentials are encrypted before profile metadata is scrubbed
  ---
  duration_ms: 9.5447
  type: 'test'
  ...
# Subtest: non-secret calendar metadata does not trigger a credential migration
ok 199 - non-secret calendar metadata does not trigger a credential migration
  ---
  duration_ms: 1.3739
  type: 'test'
  ...
# Subtest: New owner fields remain blank instead of becoming invented availability
ok 200 - New owner fields remain blank instead of becoming invented availability
  ---
  duration_ms: 158.6819
  type: 'test'
  ...
# Subtest: Saved settings round trip with zero notice and independent working-hour edits
ok 201 - Saved settings round trip with zero notice and independent working-hour edits
  ---
  duration_ms: 12.8731
  type: 'test'
  ...
# Subtest: Unchanged blackout keeps exact seconds and absolute instant through timezone changes
ok 202 - Unchanged blackout keeps exact seconds and absolute instant through timezone changes
  ---
  duration_ms: 125.204
  type: 'test'
  ...
# Subtest: Edited blackout uses the business timezone rather than the browser timezone
ok 203 - Edited blackout uses the business timezone rather than the browser timezone
  ---
  duration_ms: 37.4267
  type: 'test'
  ...
# Subtest: Clock-change gaps and repeated local times require an editable correction
ok 204 - Clock-change gaps and repeated local times require an editable correction
  ---
  duration_ms: 30.2688
  type: 'test'
  ...
# (node:134360) ExperimentalWarning: SQLite is an experimental feature and might change at any time
# (Use `node --trace-warnings ...` to show where the warning was created)
# Subtest: issue returns 32-byte base64url entropy and stores only its SHA-256 hash
ok 205 - issue returns 32-byte base64url entropy and stores only its SHA-256 hash
  ---
  duration_ms: 25.3523
  type: 'test'
  ...
# Subtest: consume atomically marks a live state and returns its persisted owner binding
ok 206 - consume atomically marks a live state and returns its persisted owner binding
  ---
  duration_ms: 8.6228
  type: 'test'
  ...
# Subtest: a consumed state is rejected on replay with the generic public message
ok 207 - a consumed state is rejected on replay with the generic public message
  ---
  duration_ms: 10.7983
  type: 'test'
  ...
# Subtest: an expired state fails closed and is not marked consumed
ok 208 - an expired state fails closed and is not marked consumed
  ---
  duration_ms: 4.4978
  type: 'test'
  ...
# Subtest: malformed and unknown state values fail closed without reflecting input
ok 209 - malformed and unknown state values fail closed without reflecting input
  ---
  duration_ms: 14.8691
  type: 'test'
  ...
# Subtest: a digest collision is retried without overwriting the existing owner
ok 210 - a digest collision is retried without overwriting the existing owner
  ---
  duration_ms: 5.4761
  type: 'test'
  ...
# Subtest: collision exhaustion fails safely after a bounded number of attempts
ok 211 - collision exhaustion fails safely after a bounded number of attempts
  ---
  duration_ms: 8.3794
  type: 'test'
  ...
# Subtest: database failures are replaced by stable secret-safe errors
ok 212 - database failures are replaced by stable secret-safe errors
  ---
  duration_ms: 11.2401
  type: 'test'
  ...
# Subtest: a reentrant competing consumer can win, but exactly one consumer succeeds
ok 213 - a reentrant competing consumer can win, but exactly one consumer succeeds
  ---
  duration_ms: 8.4763
  type: 'test'
  ...
# Subtest: state survives a service and database restart until its one successful consume
ok 214 - state survives a service and database restart until its one successful consume
  ---
  duration_ms: 7394.8283
  type: 'test'
  ...
# Subtest: owner, TTL, clock, and random-source validation fails before unsafe state use
ok 215 - owner, TTL, clock, and random-source validation fails before unsafe state use
  ---
  duration_ms: 6.8797
  type: 'test'
  ...
# Subtest: FENCING_INSTALL installed: independent complete quote
ok 216 - FENCING_INSTALL installed: independent complete quote
  ---
  duration_ms: 319.273
  type: 'test'
  ...
# Subtest: FENCING_INSTALL itemized: independent complete quote
ok 217 - FENCING_INSTALL itemized: independent complete quote
  ---
  duration_ms: 163.8358
  type: 'test'
  ...
# Subtest: FENCING_REPLACEMENT installed: independent complete quote
ok 218 - FENCING_REPLACEMENT installed: independent complete quote
  ---
  duration_ms: 149.47
  type: 'test'
  ...
# Subtest: FENCING_REPLACEMENT itemized: independent complete quote
ok 219 - FENCING_REPLACEMENT itemized: independent complete quote
  ---
  duration_ms: 199.7018
  type: 'test'
  ...
# Subtest: INTERIOR_PAINTING installed: independent complete quote
ok 220 - INTERIOR_PAINTING installed: independent complete quote
  ---
  duration_ms: 165.3279
  type: 'test'
  ...
# Subtest: INTERIOR_PAINTING itemized: independent complete quote
ok 221 - INTERIOR_PAINTING itemized: independent complete quote
  ---
  duration_ms: 225.2959
  type: 'test'
  ...
# Subtest: EXTERIOR_PAINTING installed: independent complete quote
ok 222 - EXTERIOR_PAINTING installed: independent complete quote
  ---
  duration_ms: 65.3383
  type: 'test'
  ...
# Subtest: EXTERIOR_PAINTING itemized: independent complete quote
ok 223 - EXTERIOR_PAINTING itemized: independent complete quote
  ---
  duration_ms: 96.9974
  type: 'test'
  ...
# Subtest: Configured offerings: missing selected prices and mismatched defined scope do not quote
ok 224 - Configured offerings: missing selected prices and mismatched defined scope do not quote
  ---
  duration_ms: 142.5282
  type: 'test'
  ...
# Subtest: Configured offerings: nested gate input, unexpected scope and contradictory fields cannot disappear
ok 225 - Configured offerings: nested gate input, unexpected scope and contradictory fields cannot disappear
  ---
  duration_ms: 49.4813
  type: 'test'
  ...
# Subtest: Configured offerings: fractional-cent unit rates and installed selling-price markup behavior
ok 226 - Configured offerings: fractional-cent unit rates and installed selling-price markup behavior
  ---
  duration_ms: 17.6699
  type: 'test'
  ...
# Subtest: Itemized fence: owner cost markup and sales tax apply once; installed gates stay selling prices
ok 227 - Itemized fence: owner cost markup and sales tax apply once; installed gates stay selling prices
  ---
  duration_ms: 30.8495
  type: 'test'
  ...
# Subtest: Fence removal disposal is charged exactly once and only when selected
ok 228 - Fence removal disposal is charged exactly once and only when selected
  ---
  duration_ms: 55.9078
  type: 'test'
  ...
# Subtest: Offering definitions do not convert zero required prices into a free job
ok 229 - Offering definitions do not convert zero required prices into a free job
  ---
  duration_ms: 72.734
  type: 'test'
  ...
# Subtest: All painting surface conditions quote only their explicitly defined finish, primer and preparation
ok 230 - All painting surface conditions quote only their explicitly defined finish, primer and preparation
  ---
  duration_ms: 266.296
  type: 'test'
  ...
# Subtest: Inactive owner choices retain saved values without adding charges, and unknown shapes remain invalid
ok 231 - Inactive owner choices retain saved values without adding charges, and unknown shapes remain invalid
  ---
  duration_ms: 33.1592
  type: 'test'
  ...
# Subtest: Tier rate overrides retain inherited scope and disclose unusable options
ok 232 - Tier rate overrides retain inherited scope and disclose unusable options
  ---
  duration_ms: 121.0813
  type: 'test'
  ...
# Subtest: authenticated application CORS permits only configured exact origins
ok 233 - authenticated application CORS permits only configured exact origins
  ---
  duration_ms: 6.7934
  type: 'test'
  ...
# Subtest: public quote and booking paths defer exact website authorization to tenant context
ok 234 - public quote and booking paths defer exact website authorization to tenant context
  ---
  duration_ms: 11.2536
  type: 'test'
  ...
# Subtest: customer wording 1: unspecified decking has one on-site per-sheet disclosure and no internal charge wording
ok 235 - customer wording 1: unspecified decking has one on-site per-sheet disclosure and no internal charge wording
  ---
  duration_ms: 284.6139
  type: 'test'
  ...
# Subtest: customer wording 2: the existing roof layer count appears once
ok 236 - customer wording 2: the existing roof layer count appears once
  ---
  duration_ms: 120.7193
  type: 'test'
  ...
# Subtest: customer wording 3: biweekly mowing states its per-visit explanation once
ok 237 - customer wording 3: biweekly mowing states its per-visit explanation once
  ---
  duration_ms: 55.6754
  type: 'test'
  ...
# Subtest: customer wording coverage includes every registered service with a complete quote control
ok 238 - customer wording coverage includes every registered service with a complete quote control
  ---
  duration_ms: 1.8044
  type: 'test'
  ...
# Subtest: customer wording scan: ROOFING_REPLACEMENT
ok 239 - customer wording scan: ROOFING_REPLACEMENT
  ---
  duration_ms: 477.4063
  type: 'test'
  ...
# Subtest: customer wording scan: ROOFING_REPAIR
ok 240 - customer wording scan: ROOFING_REPAIR
  ---
  duration_ms: 62.9842
  type: 'test'
  ...
# Subtest: customer wording scan: FLAT_ROOF_REPLACEMENT
ok 241 - customer wording scan: FLAT_ROOF_REPLACEMENT
  ---
  duration_ms: 198.7488
  type: 'test'
  ...
# Subtest: customer wording scan: FLAT_ROOF_REPAIR
ok 242 - customer wording scan: FLAT_ROOF_REPAIR
  ---
  duration_ms: 49.7072
  type: 'test'
  ...
# Subtest: customer wording scan: INTERIOR_PAINTING
ok 243 - customer wording scan: INTERIOR_PAINTING
  ---
  duration_ms: 369.8641
  type: 'test'
  ...
# Subtest: customer wording scan: EXTERIOR_PAINTING
ok 244 - customer wording scan: EXTERIOR_PAINTING
  ---
  duration_ms: 97.8277
  type: 'test'
  ...
# Subtest: customer wording scan: FLOORING_INSTALL
ok 245 - customer wording scan: FLOORING_INSTALL
  ---
  duration_ms: 1130.9944
  type: 'test'
  ...
# Subtest: customer wording scan: FLOORING_REPLACEMENT
ok 246 - customer wording scan: FLOORING_REPLACEMENT
  ---
  duration_ms: 101.1549
  type: 'test'
  ...
# Subtest: customer wording scan: FENCING_INSTALL
ok 247 - customer wording scan: FENCING_INSTALL
  ---
  duration_ms: 145.2134
  type: 'test'
  ...
# Subtest: customer wording scan: FENCING_REPLACEMENT
ok 248 - customer wording scan: FENCING_REPLACEMENT
  ---
  duration_ms: 422.6967
  type: 'test'
  ...
# Subtest: customer wording scan: SIDING_REPLACEMENT
ok 249 - customer wording scan: SIDING_REPLACEMENT
  ---
  duration_ms: 387.329
  type: 'test'
  ...
# Subtest: customer wording scan: SIDING_REPAIR
ok 250 - customer wording scan: SIDING_REPAIR
  ---
  duration_ms: 52.4371
  type: 'test'
  ...
# Subtest: customer wording scan: CONCRETE_DRIVEWAY
ok 251 - customer wording scan: CONCRETE_DRIVEWAY
  ---
  duration_ms: 74.3523
  type: 'test'
  ...
# Subtest: customer wording scan: CONCRETE_PATIO_SLAB
ok 252 - customer wording scan: CONCRETE_PATIO_SLAB
  ---
  duration_ms: 424.6831
  type: 'test'
  ...
# Subtest: customer wording scan: LANDSCAPING_CLEANUP
ok 253 - customer wording scan: LANDSCAPING_CLEANUP
  ---
  duration_ms: 41.1535
  type: 'test'
  ...
# Subtest: customer wording scan: LANDSCAPING_MULCH
ok 254 - customer wording scan: LANDSCAPING_MULCH
  ---
  duration_ms: 61.7558
  type: 'test'
  ...
# Subtest: customer wording scan: LANDSCAPING_SOD
ok 255 - customer wording scan: LANDSCAPING_SOD
  ---
  duration_ms: 55.8962
  type: 'test'
  ...
# Subtest: customer wording scan: LANDSCAPING_PLANTING
ok 256 - customer wording scan: LANDSCAPING_PLANTING
  ---
  duration_ms: 79.8831
  type: 'test'
  ...
# Subtest: customer wording scan: LANDSCAPING_MOWING
ok 257 - customer wording scan: LANDSCAPING_MOWING
  ---
  duration_ms: 380.4516
  type: 'test'
  ...
# Subtest: customer wording scan: CUSTOM
ok 258 - customer wording scan: CUSTOM
  ---
  duration_ms: 38.1922
  type: 'test'
  ...
# Subtest: bridge construction requires explicit transcript and tool boundaries
ok 259 - bridge construction requires explicit transcript and tool boundaries
  ---
  duration_ms: 10.8926
  type: 'test'
  ...
# Subtest: valid Twilio media is identity-bound, converted to PCM16 16 kHz, and closes on stop
ok 260 - valid Twilio media is identity-bound, converted to PCM16 16 kHz, and closes on stop
  ---
  duration_ms: 23.6959
  type: 'test'
  ...
# Subtest: Gemini PCM16 24 kHz audio becomes Twilio media plus an acknowledged mark
ok 261 - Gemini PCM16 24 kHz audio becomes Twilio media plus an acknowledged mark
  ---
  duration_ms: 32.4089
  type: 'test'
  ...
# Subtest: Gemini interruption clears Twilio immediately and discards already queued output
ok 262 - Gemini interruption clears Twilio immediately and discards already queued output
  ---
  duration_ms: 15.5311
  type: 'test'
  ...
# Subtest: validated transcripts and tool calls cross only their injected callback interfaces
ok 263 - validated transcripts and tool calls cross only their injected callback interfaces
  ---
  duration_ms: 14.1035
  type: 'test'
  ...
# Subtest: forged call identity in the Twilio start event fails before Gemini opens
ok 264 - forged call identity in the Twilio start event fails before Gemini opens
  ---
  duration_ms: 10.0335
  type: 'test'
  ...
# Subtest: a socket close during Gemini connection cannot leak or resurrect the provider session
ok 265 - a socket close during Gemini connection cannot leak or resurrect the provider session
  ---
  duration_ms: 66.3169
  type: 'test'
  ...
# Subtest: a provider close callback during application shutdown cannot recurse or deadlock
ok 266 - a provider close callback during application shutdown cannot recurse or deadlock
  ---
  duration_ms: 4.8876
  type: 'test'
  ...
# Subtest: out-of-order, unknown-mark, binary, and malformed audio events fail closed
    # Subtest: sequence gap
    ok 1 - sequence gap
      ---
      duration_ms: 12.4627
      type: 'test'
      ...
    # Subtest: unknown mark
    ok 2 - unknown mark
      ---
      duration_ms: 16.1494
      type: 'test'
      ...
    # Subtest: binary event
    ok 3 - binary event
      ---
      duration_ms: 2.4812
      type: 'test'
      ...
    # Subtest: non-canonical media base64
    ok 4 - non-canonical media base64
      ---
      duration_ms: 8.5102
      type: 'test'
      ...
    1..4
ok 267 - out-of-order, unknown-mark, binary, and malformed audio events fail closed
  ---
  duration_ms: 46.2824
  type: 'test'
  ...
# Subtest: payload rate, queue, and socket backpressure limits terminate instead of buffering unboundedly
    # Subtest: inbound byte rate
    ok 1 - inbound byte rate
      ---
      duration_ms: 5.5911
      type: 'test'
      ...
    # Subtest: socket buffered amount
    ok 2 - socket buffered amount
      ---
      duration_ms: 12.2608
      type: 'test'
      ...
    # Subtest: queued input audio
    ok 3 - queued input audio
      ---
      duration_ms: 15.4969
      type: 'test'
      ...
    1..3
ok 268 - payload rate, queue, and socket backpressure limits terminate instead of buffering unboundedly
  ---
  duration_ms: 35.5896
  type: 'test'
  ...
# Subtest: invalid provider audio, transcript, or tool data fails closed without echoing details
    # Subtest: wrong output format
    ok 1 - wrong output format
      ---
      duration_ms: 2.5367
      type: 'test'
      ...
    # Subtest: control character transcript
    ok 2 - control character transcript
      ---
      duration_ms: 10.9525
      type: 'test'
      ...
    # Subtest: prototype-bearing tool arguments
    ok 3 - prototype-bearing tool arguments
      ---
      duration_ms: 3.2828
      type: 'test'
      ...
    # Subtest: accessor-bearing provider objects
    ok 4 - accessor-bearing provider objects
      ---
      duration_ms: 7.4102
      type: 'test'
      ...
    1..4
ok 269 - invalid provider audio, transcript, or tool data fails closed without echoing details
  ---
  duration_ms: 27.3554
  type: 'test'
  ...
# Subtest: listBusy is owner scoped and maps the Google freebusy request and response
ok 270 - listBusy is owner scoped and maps the Google freebusy request and response
  ---
  duration_ms: 294.9222
  type: 'test'
  ...
# Subtest: UTC request bounds and freebusy response bounds fail closed before use
ok 271 - UTC request bounds and freebusy response bounds fail closed before use
  ---
  duration_ms: 12.0839
  type: 'test'
  ...
# Subtest: createEvent uses the deterministic BookingService event ID and getEvent validates it
ok 272 - createEvent uses the deterministic BookingService event ID and getEvent validates it
  ---
  duration_ms: 189.3538
  type: 'test'
  ...
# Subtest: getEvent preserves cancelled provider status for BookingService reconciliation
ok 273 - getEvent preserves cancelled provider status for BookingService reconciliation
  ---
  duration_ms: 4.0202
  type: 'test'
  ...
# Subtest: an expired access token is refreshed, persisted with its refresh token, and never returned
ok 274 - an expired access token is refreshed, persisted with its refresh token, and never returned
  ---
  duration_ms: 12.8067
  type: 'test'
  ...
# Subtest: concurrent expired-token requests coalesce one owner-scoped refresh
ok 275 - concurrent expired-token requests coalesce one owner-scoped refresh
  ---
  duration_ms: 86.2899
  type: 'test'
  ...
# Subtest: a 401 refreshes and retries the Calendar request once
ok 276 - a 401 refreshes and retries the Calendar request once
  ---
  duration_ms: 15.2701
  type: 'test'
  ...
# Subtest: a staggered concurrent 401 reloads a token another request already rotated
ok 277 - a staggered concurrent 401 reloads a token another request already rotated
  ---
  duration_ms: 24.029
  type: 'test'
  ...
# Subtest: a repeated 401 is not retried or refreshed more than once
ok 278 - a repeated 401 is not retried or refreshed more than once
  ---
  duration_ms: 17.1661
  type: 'test'
  ...
# Subtest: create network and timeout failures are ambiguous without exposing underlying errors
ok 279 - create network and timeout failures are ambiguous without exposing underlying errors
  ---
  duration_ms: 15.6331
  type: 'test'
  ...
# Subtest: the request deadline covers a stalled create response body
ok 280 - the request deadline covers a stalled create response body
  ---
  duration_ms: 33.1381
  type: 'test'
  ...
# Subtest: a known Google 4xx write failure is non-ambiguous and sanitized
ok 281 - a known Google 4xx write failure is non-ambiguous and sanitized
  ---
  duration_ms: 6.1063
  type: 'test'
  ...
# Subtest: tenant and credential failures fail closed before a provider call
ok 282 - tenant and credential failures fail closed before a provider call
  ---
  duration_ms: 6.5369
  type: 'test'
  ...
# Subtest: refresh rejection and persistence failures expose no OAuth or credential material
ok 283 - refresh rejection and persistence failures expose no OAuth or credential material
  ---
  duration_ms: 10.1744
  type: 'test'
  ...
# Subtest: malformed Google response shapes fail closed and create parse failures remain ambiguous
ok 284 - malformed Google response shapes fail closed and create parse failures remain ambiguous
  ---
  duration_ms: 14.1207
  type: 'test'
  ...
# node:internal/modules/esm/resolve:275
#     throw new ERR_MODULE_NOT_FOUND(
#           ^
# Error [ERR_MODULE_NOT_FOUND]: Cannot find module 'C:\\Users\\money\\Documents\\Codex\\2026-09-27\\read-the-audit-check-the-current\\work\\customer-wording-final-20261001\\server\\src\\voice\\googleGenAiLiveAdapter.js' imported from C:\\Users\\money\\Documents\\Codex\\2026-09-27\\read-the-audit-check-the-current\\work\\customer-wording-final-20261001\\test\\googleGenAiLiveAdapter.spec.mjs
#     at finalizeResolution (node:internal/modules/esm/resolve:275:11)
#     at moduleResolve (node:internal/modules/esm/resolve:861:10)
#     at defaultResolve (node:internal/modules/esm/resolve:985:11)
#     at \#cachedDefaultResolve (node:internal/modules/esm/loader:747:20)
#     at ModuleLoader.resolve (node:internal/modules/esm/loader:724:38)
#     at ModuleLoader.getModuleJobForImport (node:internal/modules/esm/loader:320:38)
#     at ModuleJob._link (node:internal/modules/esm/module_job:182:49) {
#   code: 'ERR_MODULE_NOT_FOUND',
#   url: 'file:///C:/Users/money/Documents/Codex/2026-09-27/read-the-audit-check-the-current/work/customer-wording-final-20261001/server/src/voice/googleGenAiLiveAdapter.js'
# }
# Node.js v22.23.2
# Subtest: test\\googleGenAiLiveAdapter.spec.mjs
not ok 25 - test\\googleGenAiLiveAdapter.spec.mjs
  ---
  duration_ms: 405.7191
  type: 'test'
  location: 'C:\\Users\\money\\Documents\\Codex\\2026-09-27\\read-the-audit-check-the-current\\work\\customer-wording-final-20261001\\test\\googleGenAiLiveAdapter.spec.mjs:1:1'
  failureType: 'testCodeFailure'
  exitCode: 1
  signal: ~
  error: 'test failed'
  code: 'ERR_TEST_FAILURE'
  ...
# Subtest: Operator signup → verified trialing → correct onboarding access
ok 286 - Operator signup → verified trialing → correct onboarding access
  ---
  duration_ms: 9018.031
  type: 'test'
  ...
# Subtest: Operator signup → verified active → correct onboarding access
ok 287 - Operator signup → verified active → correct onboarding access
  ---
  duration_ms: 8688.0717
  type: 'test'
  ...
# Subtest: QuoteDone signup → verified trialing → correct onboarding access
ok 288 - QuoteDone signup → verified trialing → correct onboarding access
  ---
  duration_ms: 8090.41
  type: 'test'
  ...
# Subtest: QuoteDone signup → verified active → correct onboarding access
ok 289 - QuoteDone signup → verified active → correct onboarding access
  ---
  duration_ms: 8336.5438
  type: 'test'
  ...
# Subtest: Operator cannot unlock a trial without verified payment evidence
ok 290 - Operator cannot unlock a trial without verified payment evidence
  ---
  duration_ms: 9182.4177
  type: 'test'
  ...
# Subtest: QuoteDone cannot unlock a trial without verified payment evidence
ok 291 - QuoteDone cannot unlock a trial without verified payment evidence
  ---
  duration_ms: 8358.8806
  type: 'test'
  ...
# Subtest: Scale signup is rejected without creating an account
ok 292 - Scale signup is rejected without creating an account
  ---
  duration_ms: 806.7302
  type: 'test'
  ...
# Subtest: bcrypt 6 accepts existing bcrypt 5 hashes and reset revokes the old session
ok 293 - bcrypt 6 accepts existing bcrypt 5 hashes and reset revokes the old session
  ---
  duration_ms: 12710.999
  type: 'test'
  ...
# Subtest: floor-hardwood-installed quotes its explicitly configured scope
ok 294 - floor-hardwood-installed quotes its explicitly configured scope
  ---
  duration_ms: 670.8673
  type: 'test'
  ...
# Subtest: floor-hardwood-packages quotes its explicitly configured scope
ok 295 - floor-hardwood-packages quotes its explicitly configured scope
  ---
  duration_ms: 214.5652
  type: 'test'
  ...
# Subtest: floor-laminate-installed quotes its explicitly configured scope
ok 296 - floor-laminate-installed quotes its explicitly configured scope
  ---
  duration_ms: 209.8553
  type: 'test'
  ...
# Subtest: floor-laminate-packages quotes its explicitly configured scope
ok 297 - floor-laminate-packages quotes its explicitly configured scope
  ---
  duration_ms: 238.9351
  type: 'test'
  ...
# Subtest: floor-carpet-installed quotes its explicitly configured scope
ok 298 - floor-carpet-installed quotes its explicitly configured scope
  ---
  duration_ms: 194.2347
  type: 'test'
  ...
# Subtest: floor-carpet-packages quotes its explicitly configured scope
ok 299 - floor-carpet-packages quotes its explicitly configured scope
  ---
  duration_ms: 185.2115
  type: 'test'
  ...
# Subtest: floor-vinyl-packages quotes its explicitly configured scope
ok 300 - floor-vinyl-packages quotes its explicitly configured scope
  ---
  duration_ms: 196.7458
  type: 'test'
  ...
# Subtest: stairs-installed quotes its explicitly configured scope
ok 301 - stairs-installed quotes its explicitly configured scope
  ---
  duration_ms: 218.2739
  type: 'test'
  ...
# Subtest: overlay-installed quotes its explicitly configured scope
ok 302 - overlay-installed quotes its explicitly configured scope
  ---
  duration_ms: 241.9644
  type: 'test'
  ...
# Subtest: siding-trim-installed quotes its explicitly configured scope
ok 303 - siding-trim-installed quotes its explicitly configured scope
  ---
  duration_ms: 133.0655
  type: 'test'
  ...
# Subtest: siding-removal-installed quotes its explicitly configured scope
ok 304 - siding-removal-installed quotes its explicitly configured scope
  ---
  duration_ms: 129.4765
  type: 'test'
  ...
# Subtest: demolition-installed quotes its explicitly configured scope
ok 305 - demolition-installed quotes its explicitly configured scope
  ---
  duration_ms: 1231.3746
  type: 'test'
  ...
# Subtest: exposed-installed quotes its explicitly configured scope
ok 306 - exposed-installed quotes its explicitly configured scope
  ---
  duration_ms: 1218.7994
  type: 'test'
  ...
# Subtest: commercial-installed quotes its explicitly configured scope
ok 307 - commercial-installed quotes its explicitly configured scope
  ---
  duration_ms: 211.3678
  type: 'test'
  ...
# Subtest: stairs-itemized quotes its explicitly configured scope
ok 308 - stairs-itemized quotes its explicitly configured scope
  ---
  duration_ms: 292.2104
  type: 'test'
  ...
# Subtest: overlay-itemized quotes its explicitly configured scope
ok 309 - overlay-itemized quotes its explicitly configured scope
  ---
  duration_ms: 230.3266
  type: 'test'
  ...
# Subtest: siding-trim-itemized quotes its explicitly configured scope
ok 310 - siding-trim-itemized quotes its explicitly configured scope
  ---
  duration_ms: 119.7259
  type: 'test'
  ...
# Subtest: siding-removal-itemized quotes its explicitly configured scope
ok 311 - siding-removal-itemized quotes its explicitly configured scope
  ---
  duration_ms: 124.0743
  type: 'test'
  ...
# Subtest: demolition-itemized quotes its explicitly configured scope
ok 312 - demolition-itemized quotes its explicitly configured scope
  ---
  duration_ms: 985.3186
  type: 'test'
  ...
# Subtest: exposed-itemized quotes its explicitly configured scope
ok 313 - exposed-itemized quotes its explicitly configured scope
  ---
  duration_ms: 1151.5689
  type: 'test'
  ...
# Subtest: commercial-itemized quotes its explicitly configured scope
ok 314 - commercial-itemized quotes its explicitly configured scope
  ---
  duration_ms: 200.2998
  type: 'test'
  ...
# Subtest: paint-cost-packages quotes its explicitly configured scope
ok 315 - paint-cost-packages quotes its explicitly configured scope
  ---
  duration_ms: 358.7777
  type: 'test'
  ...
# Subtest: roof-underlayment-packages quotes its explicitly configured scope
ok 316 - roof-underlayment-packages quotes its explicitly configured scope
  ---
  duration_ms: 124.3729
  type: 'test'
  ...
# Subtest: floor-hardwood-installed rejects missing scope facts and prices without changing submitted details
ok 317 - floor-hardwood-installed rejects missing scope facts and prices without changing submitted details
  ---
  duration_ms: 81.5743
  type: 'test'
  ...
# Subtest: floor-hardwood-packages rejects missing scope facts and prices without changing submitted details
ok 318 - floor-hardwood-packages rejects missing scope facts and prices without changing submitted details
  ---
  duration_ms: 55.466
  type: 'test'
  ...
# Subtest: floor-laminate-installed rejects missing scope facts and prices without changing submitted details
ok 319 - floor-laminate-installed rejects missing scope facts and prices without changing submitted details
  ---
  duration_ms: 50.2824
  type: 'test'
  ...
# Subtest: floor-laminate-packages rejects missing scope facts and prices without changing submitted details
ok 320 - floor-laminate-packages rejects missing scope facts and prices without changing submitted details
  ---
  duration_ms: 56.9702
  type: 'test'
  ...
# Subtest: floor-carpet-installed rejects missing scope facts and prices without changing submitted details
ok 321 - floor-carpet-installed rejects missing scope facts and prices without changing submitted details
  ---
  duration_ms: 66.7435
  type: 'test'
  ...
# Subtest: floor-carpet-packages rejects missing scope facts and prices without changing submitted details
ok 322 - floor-carpet-packages rejects missing scope facts and prices without changing submitted details
  ---
  duration_ms: 58.1801
  type: 'test'
  ...
# Subtest: floor-vinyl-packages rejects missing scope facts and prices without changing submitted details
ok 323 - floor-vinyl-packages rejects missing scope facts and prices without changing submitted details
  ---
  duration_ms: 75.1449
  type: 'test'
  ...
# Subtest: stairs-installed rejects missing scope facts and prices without changing submitted details
ok 324 - stairs-installed rejects missing scope facts and prices without changing submitted details
  ---
  duration_ms: 173.9241
  type: 'test'
  ...
# Subtest: overlay-installed rejects missing scope facts and prices without changing submitted details
ok 325 - overlay-installed rejects missing scope facts and prices without changing submitted details
  ---
  duration_ms: 150.0687
  type: 'test'
  ...
# Subtest: siding-trim-installed rejects missing scope facts and prices without changing submitted details
ok 326 - siding-trim-installed rejects missing scope facts and prices without changing submitted details
  ---
  duration_ms: 128.1098
  type: 'test'
  ...
# Subtest: siding-removal-installed rejects missing scope facts and prices without changing submitted details
ok 327 - siding-removal-installed rejects missing scope facts and prices without changing submitted details
  ---
  duration_ms: 143.6005
  type: 'test'
  ...
# Subtest: demolition-installed rejects missing scope facts and prices without changing submitted details
ok 328 - demolition-installed rejects missing scope facts and prices without changing submitted details
  ---
  duration_ms: 187.3337
  type: 'test'
  ...
# Subtest: exposed-installed rejects missing scope facts and prices without changing submitted details
ok 329 - exposed-installed rejects missing scope facts and prices without changing submitted details
  ---
  duration_ms: 134.1464
  type: 'test'
  ...
# Subtest: commercial-installed rejects missing scope facts and prices without changing submitted details
ok 330 - commercial-installed rejects missing scope facts and prices without changing submitted details
  ---
  duration_ms: 62.3277
  type: 'test'
  ...
# Subtest: stairs-itemized rejects missing scope facts and prices without changing submitted details
ok 331 - stairs-itemized rejects missing scope facts and prices without changing submitted details
  ---
  duration_ms: 103.9242
  type: 'test'
  ...
# Subtest: overlay-itemized rejects missing scope facts and prices without changing submitted details
ok 332 - overlay-itemized rejects missing scope facts and prices without changing submitted details
  ---
  duration_ms: 83.3428
  type: 'test'
  ...
# Subtest: siding-trim-itemized rejects missing scope facts and prices without changing submitted details
ok 333 - siding-trim-itemized rejects missing scope facts and prices without changing submitted details
  ---
  duration_ms: 32.1942
  type: 'test'
  ...
# Subtest: siding-removal-itemized rejects missing scope facts and prices without changing submitted details
ok 334 - siding-removal-itemized rejects missing scope facts and prices without changing submitted details
  ---
  duration_ms: 63.6889
  type: 'test'
  ...
# Subtest: demolition-itemized rejects missing scope facts and prices without changing submitted details
ok 335 - demolition-itemized rejects missing scope facts and prices without changing submitted details
  ---
  duration_ms: 204.6326
  type: 'test'
  ...
# Subtest: exposed-itemized rejects missing scope facts and prices without changing submitted details
ok 336 - exposed-itemized rejects missing scope facts and prices without changing submitted details
  ---
  duration_ms: 127.209
  type: 'test'
  ...
# Subtest: commercial-itemized rejects missing scope facts and prices without changing submitted details
ok 337 - commercial-itemized rejects missing scope facts and prices without changing submitted details
  ---
  duration_ms: 56.9747
  type: 'test'
  ...
# Subtest: paint-cost-packages rejects missing scope facts and prices without changing submitted details
ok 338 - paint-cost-packages rejects missing scope facts and prices without changing submitted details
  ---
  duration_ms: 82.9321
  type: 'test'
  ...
# Subtest: roof-underlayment-packages rejects missing scope facts and prices without changing submitted details
ok 339 - roof-underlayment-packages rejects missing scope facts and prices without changing submitted details
  ---
  duration_ms: 34.2163
  type: 'test'
  ...
# Subtest: Installed scope receives no second markup; fractional unit prices remain exact
ok 340 - Installed scope receives no second markup; fractional unit prices remain exact
  ---
  duration_ms: 51.8125
  type: 'test'
  ...
# Subtest: Purchased paint cost gets material markup and tax once; installed trim does not
ok 341 - Purchased paint cost gets material markup and tax once; installed trim does not
  ---
  duration_ms: 53.7413
  type: 'test'
  ...
# Subtest: Package rounding handles exact and just-over boundaries, and rejects conflicting purchase groups
ok 342 - Package rounding handles exact and just-over boundaries, and rejects conflicting purchase groups
  ---
  duration_ms: 85.0719
  type: 'test'
  ...
# Subtest: Scope boundaries reject mismatches, nested facts and unrequested work
ok 343 - Scope boundaries reject mismatches, nested facts and unrequested work
  ---
  duration_ms: 319.8544
  type: 'test'
  ...
# Subtest: Included demolition and siding disposal replace fees, while separate main-floor disposal remains
ok 344 - Included demolition and siding disposal replace fees, while separate main-floor disposal remains
  ---
  duration_ms: 269.1823
  type: 'test'
  ...
# Subtest: Exposed-aggregate finishing uses measured outline area
ok 345 - Exposed-aggregate finishing uses measured outline area
  ---
  duration_ms: 99.0261
  type: 'test'
  ...
# Subtest: Identical partial measurements quote; any numerical contradiction remains editable
ok 346 - Identical partial measurements quote; any numerical contradiction remains editable
  ---
  duration_ms: 222.2579
  type: 'test'
  ...
# Subtest: Additional work must be excluded from the base price and unsupported scope settings reject
ok 347 - Additional work must be excluded from the base price and unsupported scope settings reject
  ---
  duration_ms: 194.924
  type: 'test'
  ...
# Subtest: Scope tier prices preserve exact units, inherit other prices and exclude only an invalid option
ok 348 - Scope tier prices preserve exact units, inherit other prices and exclude only an invalid option
  ---
  duration_ms: 266.9421
  type: 'test'
  ...
# (node:130864) ExperimentalWarning: SQLite is an experimental feature and might change at any time
# (Use `node --trace-warnings ...` to show where the warning was created)
# Subtest: calendar onboarding canonical persistence (requires Node module mocks)
ok 349 - calendar onboarding canonical persistence (requires Node module mocks) # SKIP
  ---
  duration_ms: 4.4061
  type: 'test'
  ...
# Subtest: knowledge-base service-area persistence (requires Node module mocks)
ok 350 - knowledge-base service-area persistence (requires Node module mocks) # SKIP
  ---
  duration_ms: 6.4157
  type: 'test'
  ...
# Subtest: Opus 1: decking explanations never expose the owner unit price
ok 351 - Opus 1: decking explanations never expose the owner unit price
  ---
  duration_ms: 755.5625
  type: 'test'
  ...
# Subtest: Opus 2: TAX_NONE preserves the 45000-cent pre-tax minimum
ok 352 - Opus 2: TAX_NONE preserves the 45000-cent pre-tax minimum
  ---
  duration_ms: 75.7837
  type: 'test'
  ...
# Subtest: Opus 2: TAX_MATERIALS preserves the 45000-cent pre-tax minimum
ok 353 - Opus 2: TAX_MATERIALS preserves the 45000-cent pre-tax minimum
  ---
  duration_ms: 84.5468
  type: 'test'
  ...
# Subtest: Opus 2: TAX_ALL preserves the 45000-cent pre-tax minimum
ok 354 - Opus 2: TAX_ALL preserves the 45000-cent pre-tax minimum
  ---
  duration_ms: 92.8507
  type: 'test'
  ...
# Subtest: Opus 3: installed fencing quotes only its explicitly offered 0.5ft height
ok 355 - Opus 3: installed fencing quotes only its explicitly offered 0.5ft height
  ---
  duration_ms: 130.1706
  type: 'test'
  ...
# Subtest: Opus 3: installed fencing quotes only its explicitly offered 3.5ft height
ok 356 - Opus 3: installed fencing quotes only its explicitly offered 3.5ft height
  ---
  duration_ms: 79.4667
  type: 'test'
  ...
# Subtest: Opus 3: installed fencing quotes only its explicitly offered 5ft height
ok 357 - Opus 3: installed fencing quotes only its explicitly offered 5ft height
  ---
  duration_ms: 136.6058
  type: 'test'
  ...
# Subtest: Opus 3: installed fencing quotes only its explicitly offered 5.5ft height
ok 358 - Opus 3: installed fencing quotes only its explicitly offered 5.5ft height
  ---
  duration_ms: 76.2671
  type: 'test'
  ...
# Subtest: Opus 3: installed fencing quotes only its explicitly offered 7ft height
ok 359 - Opus 3: installed fencing quotes only its explicitly offered 7ft height
  ---
  duration_ms: 66.7949
  type: 'test'
  ...
# Subtest: Opus 3: installed fencing quotes only its explicitly offered 9ft height
ok 360 - Opus 3: installed fencing quotes only its explicitly offered 9ft height
  ---
  duration_ms: 97.7051
  type: 'test'
  ...
# Subtest: Opus 3: itemized fencing quotes only its explicitly offered 0.5ft height
ok 361 - Opus 3: itemized fencing quotes only its explicitly offered 0.5ft height
  ---
  duration_ms: 135.2925
  type: 'test'
  ...
# Subtest: Opus 3: itemized fencing quotes only its explicitly offered 3.5ft height
ok 362 - Opus 3: itemized fencing quotes only its explicitly offered 3.5ft height
  ---
  duration_ms: 97.6896
  type: 'test'
  ...
# Subtest: Opus 3: itemized fencing quotes only its explicitly offered 5ft height
ok 363 - Opus 3: itemized fencing quotes only its explicitly offered 5ft height
  ---
  duration_ms: 106.7751
  type: 'test'
  ...
# Subtest: Opus 3: itemized fencing quotes only its explicitly offered 5.5ft height
ok 364 - Opus 3: itemized fencing quotes only its explicitly offered 5.5ft height
  ---
  duration_ms: 95.2392
  type: 'test'
  ...
# Subtest: Opus 3: itemized fencing quotes only its explicitly offered 7ft height
ok 365 - Opus 3: itemized fencing quotes only its explicitly offered 7ft height
  ---
  duration_ms: 151.8402
  type: 'test'
  ...
# Subtest: Opus 3: itemized fencing quotes only its explicitly offered 9ft height
ok 366 - Opus 3: itemized fencing quotes only its explicitly offered 9ft height
  ---
  duration_ms: 163.326
  type: 'test'
  ...
# Subtest: Opus 3: zero, negative, missing and nonnumeric offered fence heights fail closed
ok 367 - Opus 3: zero, negative, missing and nonnumeric offered fence heights fail closed
  ---
  duration_ms: 89.6846
  type: 'test'
  ...
# Subtest: Opus 4: mowing weekly labels prices per visit
ok 368 - Opus 4: mowing weekly labels prices per visit
  ---
  duration_ms: 52.681
  type: 'test'
  ...
# Subtest: Opus 4: mowing biweekly labels prices per visit
ok 369 - Opus 4: mowing biweekly labels prices per visit
  ---
  duration_ms: 43.8183
  type: 'test'
  ...
# Subtest: Opus 4: mowing monthly labels prices per visit
ok 370 - Opus 4: mowing monthly labels prices per visit
  ---
  duration_ms: 62.4295
  type: 'test'
  ...
# Subtest: Opus 4: mowing one_time labels prices per visit
ok 371 - Opus 4: mowing one_time labels prices per visit
  ---
  duration_ms: 39.2287
  type: 'test'
  ...
# Subtest: Opus 5: every TAX_NONE option states its tax treatment
ok 372 - Opus 5: every TAX_NONE option states its tax treatment
  ---
  duration_ms: 50.0248
  type: 'test'
  ...
# Subtest: Opus 5: every TAX_MATERIALS option states its tax treatment
ok 373 - Opus 5: every TAX_MATERIALS option states its tax treatment
  ---
  duration_ms: 84.0801
  type: 'test'
  ...
# Subtest: Opus 5: every TAX_ALL option states its tax treatment
ok 374 - Opus 5: every TAX_ALL option states its tax treatment
  ---
  duration_ms: 61.6899
  type: 'test'
  ...
# Subtest: Opus 6: siding-removal-installed reports lead-only scope before activation and in saved service status
ok 375 - Opus 6: siding-removal-installed reports lead-only scope before activation and in saved service status
  ---
  duration_ms: 160.516
  type: 'test'
  ...
# Subtest: Opus 6: demolition-installed reports lead-only scope before activation and in saved service status
ok 376 - Opus 6: demolition-installed reports lead-only scope before activation and in saved service status
  ---
  duration_ms: 4423.8457
  type: 'test'
  ...
# Subtest: Opus 6: commercial-installed reports lead-only scope before activation and in saved service status
ok 377 - Opus 6: commercial-installed reports lead-only scope before activation and in saved service status
  ---
  duration_ms: 266.1427
  type: 'test'
  ...
# Subtest: Opus 6: stairs-installed reports lead-only scope before activation and in saved service status
ok 378 - Opus 6: stairs-installed reports lead-only scope before activation and in saved service status
  ---
  duration_ms: 656.73
  type: 'test'
  ...
# Subtest: Opus 6 control: siding-removal-installed remains quotable with complete scope setup
ok 379 - Opus 6 control: siding-removal-installed remains quotable with complete scope setup
  ---
  duration_ms: 356.7541
  type: 'test'
  ...
# Subtest: Opus 6 control: demolition-installed remains quotable with complete scope setup
ok 380 - Opus 6 control: demolition-installed remains quotable with complete scope setup
  ---
  duration_ms: 1868.39
  type: 'test'
  ...
# Subtest: Opus 6 control: commercial-installed remains quotable with complete scope setup
ok 381 - Opus 6 control: commercial-installed remains quotable with complete scope setup
  ---
  duration_ms: 304.9383
  type: 'test'
  ...
# Subtest: Opus 6 control: stairs-installed remains quotable with complete scope setup
ok 382 - Opus 6 control: stairs-installed remains quotable with complete scope setup
  ---
  duration_ms: 426.7922
  type: 'test'
  ...
# Subtest: Opus 7: access applies to all stamped labor with difficult access
ok 383 - Opus 7: access applies to all stamped labor with difficult access
  ---
  duration_ms: 74.4767
  type: 'test'
  ...
# Subtest: Opus 7: access applies to all smooth labor with difficult access
ok 384 - Opus 7: access applies to all smooth labor with difficult access
  ---
  duration_ms: 60.4305
  type: 'test'
  ...
# Subtest: Opus 7: access applies to all stamped labor with easy access
ok 385 - Opus 7: access applies to all stamped labor with easy access
  ---
  duration_ms: 64.376
  type: 'test'
  ...
# Subtest: Opus 6 regression: malformed owner tiers still return editable diagnostics without throwing
ok 386 - Opus 6 regression: malformed owner tiers still return editable diagnostics without throwing
  ---
  duration_ms: 302.9134
  type: 'test'
  ...
# (node:137476) ExperimentalWarning: SQLite is an experimental feature and might change at any time
# (Use `node --trace-warnings ...` to show where the warning was created)
# Subtest: Calendar uses business date and correct 25-hour fall-back day boundaries
ok 387 - Calendar uses business date and correct 25-hour fall-back day boundaries
  ---
  duration_ms: 279.3073
  type: 'test'
  ...
# Subtest: Owner schedule includes overlapping appointments, preserves states and excludes other tenants
ok 388 - Owner schedule includes overlapping appointments, preserves states and excludes other tenants
  ---
  duration_ms: 32.3889
  type: 'test'
  ...
# Subtest: Calendar rejects unsupported filters, impossible dates and missing owner
ok 389 - Calendar rejects unsupported filters, impossible dates and missing owner
  ---
  duration_ms: 24.7304
  type: 'test'
  ...
# Subtest: Busy-time read is scoped and changing the connection in flight rejects the old response
ok 390 - Busy-time read is scoped and changing the connection in flight rejects the old response
  ---
  duration_ms: 95.1845
  type: 'test'
  ...
# Subtest: Provider failure is an error, never a successful empty calendar
ok 391 - Provider failure is an error, never a successful empty calendar
  ---
  duration_ms: 52.864
  type: 'test'
  ...
# (node:136756) [MODULE_TYPELESS_PACKAGE_JSON] Warning: Module type of file:///C:/Users/money/Documents/Codex/2026-09-27/read-the-audit-check-the-current/work/customer-wording-final-20261001/test/phase2.spec.js is not specified and it doesn't parse as CommonJS.
# Reparsing as ES module because module syntax was detected. This incurs a performance overhead.
# To eliminate this warning, add "type": "module" to C:\\Users\\money\\Documents\\Codex\\2026-09-27\\read-the-audit-check-the-current\\work\\customer-wording-final-20261001\\package.json.
# (Use `node --trace-warnings ...` to show where the warning was created)
# (node:136756) ExperimentalWarning: SQLite is an experimental feature and might change at any time
# Subtest: Phase 2 metadata covers every engine service and formula owner field
ok 392 - Phase 2 metadata covers every engine service and formula owner field
  ---
  duration_ms: 32.5912
  type: 'test'
  ...
# Subtest: mandated owner labels are preserved verbatim
ok 393 - mandated owner labels are preserved verbatim
  ---
  duration_ms: 5.5538
  type: 'test'
  ...
# Subtest: dollar conversion handles nested owner rates and leaves factors alone
ok 394 - dollar conversion handles nested owner rates and leaves factors alone
  ---
  duration_ms: 12.3076
  type: 'test'
  ...
# Subtest: minimum fields accept zero while rates still require a nonzero value
ok 395 - minimum fields accept zero while rates still require a nonzero value
  ---
  duration_ms: 3.8603
  type: 'test'
  ...
# Subtest: AI-sourced services require individual confirmation of every field
ok 396 - AI-sourced services require individual confirmation of every field
  ---
  duration_ms: 7.4006
  type: 'test'
  ...
# Subtest: Class 2 fencing override changes labor without changing materials
ok 397 - Class 2 fencing override changes labor without changing materials
  ---
  duration_ms: 22.5478
  type: 'test'
  ...
# Subtest: Phase 2 tables enforce DRAFT-only interview persistence
ok 398 - Phase 2 tables enforce DRAFT-only interview persistence
  ---
  duration_ms: 23.4811
  type: 'test'
  ...
# Subtest: price book shape rejects more than three tiers
ok 399 - price book shape rejects more than three tiers
  ---
  duration_ms: 15.3308
  type: 'test'
  ...
# Subtest: owner-facing Phase 2 source has no gradients or forwarding mechanics
ok 400 - owner-facing Phase 2 source has no gradients or forwarding mechanics
  ---
  duration_ms: 26.6115
  type: 'test'
  ...
# Subtest: server exposes the complete Phase 2 route surface
ok 401 - server exposes the complete Phase 2 route surface
  ---
  duration_ms: 8.9933
  type: 'test'
  ...
# Subtest: every owner field is classified as money or explicitly non-money
ok 402 - every owner field is classified as money or explicitly non-money
  ---
  duration_ms: 2.7571
  type: 'test'
  ...
# Subtest: previously skipped monetary fields now convert dollars to cents
ok 403 - previously skipped monetary fields now convert dollars to cents
  ---
  duration_ms: 1.9968
  type: 'test'
  ...
# Subtest: house wrap remains included in the all-in siding rate with no separate charge
ok 404 - house wrap remains included in the all-in siding rate with no separate charge
  ---
  duration_ms: 2.0026
  type: 'test'
  ...
# Subtest: malformed leaves and business defaults are rejected at save
ok 405 - malformed leaves and business defaults are rejected at save
  ---
  duration_ms: 15.6419
  type: 'test'
  ...
# Subtest: negative pricing is rejected at save and treated as unconfigured by the engine
ok 406 - negative pricing is rejected at save and treated as unconfigured by the engine
  ---
  duration_ms: 8.1681
  type: 'test'
  ...
# Subtest: missing-field statuses carry exact human-facing labels
ok 407 - missing-field statuses carry exact human-facing labels
  ---
  duration_ms: 0.96
  type: 'test'
  ...
# Subtest: QuoteDone access requires both an eligible plan and a current lifecycle entitlement
ok 408 - QuoteDone access requires both an eligible plan and a current lifecycle entitlement
  ---
  duration_ms: 9.0857
  type: 'test'
  ...
# Subtest: Class 2 defaults are stored per service on save, and money fields round-trip
ok 409 - Class 2 defaults are stored per service on save, and money fields round-trip
  ---
  duration_ms: 225.6629
  type: 'test'
  ...
# Subtest: upgraded starter book: per-field Class 1 drafts for formula services, ranges only for CUSTOM
ok 410 - upgraded starter book: per-field Class 1 drafts for formula services, ranges only for CUSTOM
  ---
  duration_ms: 85.0083
  type: 'test'
  ...
# Subtest: shaped fields enforce spec key domains and never silently drop the customer key
ok 411 - shaped fields enforce spec key domains and never silently drop the customer key
  ---
  duration_ms: 3.5313
  type: 'test'
  ...
# Subtest: every AI-populated field, optional included, must be confirmed before activation
ok 412 - every AI-populated field, optional included, must be confirmed before activation
  ---
  duration_ms: 3.0327
  type: 'test'
  ...
# Subtest: CUSTOM exposes and enforces minimumJob; starter drafts cover closed-domain shaped fields
ok 413 - CUSTOM exposes and enforces minimumJob; starter drafts cover closed-domain shaped fields
  ---
  duration_ms: 15.5636
  type: 'test'
  ...
# Subtest: exact nested shaped prices are required for the selected quote
ok 414 - exact nested shaped prices are required for the selected quote
  ---
  duration_ms: 10.6524
  type: 'test'
  ...
# Subtest: activation requires complete mandated shaped keys and nested rows
ok 415 - activation requires complete mandated shaped keys and nested rows
  ---
  duration_ms: 5.5853
  type: 'test'
  ...
# Subtest: Class 2 maps require the exact supported shape and the editor has no raw JSON factor control
ok 416 - Class 2 maps require the exact supported shape and the editor has no raw JSON factor control
  ---
  duration_ms: 10.7952
  type: 'test'
  ...
# Subtest: current draft status follows dynamic server requirements and never trusts saved LIVE state
ok 417 - current draft status follows dynamic server requirements and never trusts saved LIVE state
  ---
  duration_ms: 10.0679
  type: 'test'
  ...
# Subtest: CUSTOM starter suggestions drop negative and non-finite ranges and minimums
ok 418 - CUSTOM starter suggestions drop negative and non-finite ranges and minimums
  ---
  duration_ms: 4.7602
  type: 'test'
  ...
# Subtest: flooring uses keyed type rates and human pricing keys split snake_case and camelCase
ok 419 - flooring uses keyed type rates and human pricing keys split snake_case and camelCase
  ---
  duration_ms: 14.7347
  type: 'test'
  ...
# Subtest: starter warning ruling is exact across spec, API, and model prompt
ok 420 - starter warning ruling is exact across spec, API, and model prompt
  ---
  duration_ms: 5.302
  type: 'test'
  ...
# Subtest: service-specific quote fields reject unsupported hidden values
ok 421 - service-specific quote fields reject unsupported hidden values
  ---
  duration_ms: 7.1732
  type: 'test'
  ...
# Subtest: ruled disposal overrides are exposed, validated, converted, and confirmed
ok 422 - ruled disposal overrides are exposed, validated, converted, and confirmed
  ---
  duration_ms: 4.0205
  type: 'test'
  ...
# Subtest: disposal override falls back, prices removal, and reviews malformed values
ok 423 - disposal override falls back, prices removal, and reviews malformed values
  ---
  duration_ms: 3.186
  type: 'test'
  ...
# Subtest: current draft validates every quote-affecting business default before save
ok 424 - current draft validates every quote-affecting business default before save
  ---
  duration_ms: 51.0194
  type: 'test'
  ...
# Subtest: owner-selectable product offerings activate on a supported subset
ok 425 - owner-selectable product offerings activate on a supported subset
  ---
  duration_ms: 1.4885
  type: 'test'
  ...
# Subtest: every ENABLED product offering must be completely priced
ok 426 - every ENABLED product offering must be completely priced
  ---
  duration_ms: 1.7767
  type: 'test'
  ...
# Subtest: at least one product offering must be enabled and priced
ok 427 - at least one product offering must be enabled and priced
  ---
  duration_ms: 1.7792
  type: 'test'
  ...
# Subtest: a disabled product requested at quote time returns review, never a substituted rate
ok 428 - a disabled product requested at quote time returns review, never a substituted rate
  ---
  duration_ms: 2.4739
  type: 'test'
  ...
# Subtest: closed non-selectable domains still require complete coverage
ok 429 - closed non-selectable domains still require complete coverage
  ---
  duration_ms: 1.1448
  type: 'test'
  ...
# Subtest: disjoint product offering maps must not activate
ok 430 - disjoint product offering maps must not activate
  ---
  duration_ms: 2.2254
  type: 'test'
  ...
# Subtest: a product in labor but absent from material blocks activation
ok 431 - a product in labor but absent from material blocks activation
  ---
  duration_ms: 0.9802
  type: 'test'
  ...
# Subtest: a product in material but absent from labor blocks activation
ok 432 - a product in material but absent from labor blocks activation
  ---
  duration_ms: 0.9976
  type: 'test'
  ...
# Subtest: a consistently priced subset still activates after the consistency check
ok 433 - a consistently priced subset still activates after the consistency check
  ---
  duration_ms: 1.1077
  type: 'test'
  ...
# Subtest: offering consistency does not affect services without selectable products
ok 434 - offering consistency does not affect services without selectable products
  ---
  duration_ms: 0.9782
  type: 'test'
  ...
# Subtest: customer payloads are built from an allowlist, not by removing known keys
ok 435 - customer payloads are built from an allowlist, not by removing known keys
  ---
  duration_ms: 2.468
  type: 'test'
  ...
# Subtest: customer review outcomes never expose owner configuration
ok 436 - customer review outcomes never expose owner configuration
  ---
  duration_ms: 4.3742
  type: 'test'
  ...
# Subtest: owner results retain full diagnostics
ok 437 - owner results retain full diagnostics
  ---
  duration_ms: 1.8276
  type: 'test'
  ...
# Subtest: customer eligibility is enforced before quote generation
ok 438 - customer eligibility is enforced before quote generation
  ---
  duration_ms: 3.7159
  type: 'test'
  ...
# Subtest: a service that is not QUOTING LIVE cannot produce a customer estimate
ok 439 - a service that is not QUOTING LIVE cannot produce a customer estimate
  ---
  duration_ms: 3.0735
  type: 'test'
  ...
# (node:136924) [MODULE_TYPELESS_PACKAGE_JSON] Warning: Module type of file:///C:/Users/money/Documents/Codex/2026-09-27/read-the-audit-check-the-current/work/customer-wording-final-20261001/test/phase2Terminology.spec.js is not specified and it doesn't parse as CommonJS.
# Reparsing as ES module because module syntax was detected. This incurs a performance overhead.
# To eliminate this warning, add "type": "module" to C:\\Users\\money\\Documents\\Codex\\2026-09-27\\read-the-audit-check-the-current\\work\\customer-wording-final-20261001\\package.json.
# (Use `node --trace-warnings ...` to show where the warning was created)
# Subtest: every owner field has contractor-facing label, explanation, units, and option names
ok 440 - every owner field has contractor-facing label, explanation, units, and option names
  ---
  duration_ms: 53.6719
  type: 'test'
  ...
# Subtest: locked roofing labels and explanations identify the priced work
ok 441 - locked roofing labels and explanations identify the priced work
  ---
  duration_ms: 5.6529
  type: 'test'
  ...
# Subtest: contractor validation messages translate engine paths and unsupported values
ok 442 - contractor validation messages translate engine paths and unsupported values
  ---
  duration_ms: 12.9174
  type: 'test'
  ...
# Subtest: contractor UI has no raw identifier fallback paths
ok 443 - contractor UI has no raw identifier fallback paths
  ---
  duration_ms: 19.2723
  type: 'test'
  ...
# Subtest: local telephony preview is explicit, inert, and impossible in production
ok 444 - local telephony preview is explicit, inert, and impossible in production
  ---
  duration_ms: 3.1245
  type: 'test'
  ...
# Subtest: preview endpoints are registered only inside the development guard
ok 445 - preview endpoints are registered only inside the development guard
  ---
  duration_ms: 10.4239
  type: 'test'
  ...
# Subtest: the customer-facing quote preview never renders owner-only line items
ok 446 - the customer-facing quote preview never renders owner-only line items
  ---
  duration_ms: 3.4045
  type: 'test'
  ...
# Subtest: owner-only line items are flagged customerVisible false by the engine
ok 447 - owner-only line items are flagged customerVisible false by the engine
  ---
  duration_ms: 2.5058
  type: 'test'
  ...
# Subtest: the quote preview renders customer-safe priceDrivers, not raw line items
ok 448 - the quote preview renders customer-safe priceDrivers, not raw line items
  ---
  duration_ms: 11.8516
  type: 'test'
  ...
# Subtest: sanitizeForCustomer strips lineItems and exposes only safe fields
ok 449 - sanitizeForCustomer strips lineItems and exposes only safe fields
  ---
  duration_ms: 28.121
  type: 'test'
  ...
# Subtest: skipped add-ons are distinguished explicitly in the preview
ok 450 - skipped add-ons are distinguished explicitly in the preview
  ---
  duration_ms: 6.0457
  type: 'test'
  ...
# Subtest: --edge is a border token and is never used as a text colour
ok 451 - --edge is a border token and is never used as a text colour
  ---
  duration_ms: 10.0102
  type: 'test'
  ...
# Subtest: a titled field renders exactly one supporting line, not two
ok 452 - a titled field renders exactly one supporting line, not two
  ---
  duration_ms: 2.6579
  type: 'test'
  ...
# Subtest: the price-book sidebar does not share a class with the dashboard rows
ok 453 - the price-book sidebar does not share a class with the dashboard rows
  ---
  duration_ms: 5.1949
  type: 'test'
  ...
# Subtest: button labels are never repainted by container descendant selectors
ok 454 - button labels are never repainted by container descendant selectors
  ---
  duration_ms: 24.7772
  type: 'test'
  ...
# Subtest: draft validation never clears known statuses or reports failure while typing
ok 455 - draft validation never clears known statuses or reports failure while typing
  ---
  duration_ms: 3.3903
  type: 'test'
  ...
# Subtest: each onboarding step renders exactly one heading composition
ok 456 - each onboarding step renders exactly one heading composition
  ---
  duration_ms: 2.9508
  type: 'test'
  ...
# Subtest: the dashboard blocker section is bounded and grouped by service
ok 457 - the dashboard blocker section is bounded and grouped by service
  ---
  duration_ms: 2.4788
  type: 'test'
  ...
# Subtest: the dashboard has a page-level vertical rhythm, not per-card margins
ok 458 - the dashboard has a page-level vertical rhythm, not per-card margins
  ---
  duration_ms: 6.1787
  type: 'test'
  ...
# Subtest: the AI interview never asks for or speaks raw JSON
ok 459 - the AI interview never asks for or speaks raw JSON
  ---
  duration_ms: 5.1023
  type: 'test'
  ...
# Subtest: structured interview answers keep the exact shape validation expects
ok 460 - structured interview answers keep the exact shape validation expects
  ---
  duration_ms: 53.5639
  type: 'test'
  ...
# Subtest: the interview states a truthful question count, not a fixed time
ok 461 - the interview states a truthful question count, not a fixed time
  ---
  duration_ms: 11.0389
  type: 'test'
  ...
# Subtest: resuming an interview restores a partially completed structured answer
ok 462 - resuming an interview restores a partially completed structured answer
  ---
  duration_ms: 2.3222
  type: 'test'
  ...
# Subtest: the onboarding grid columns can shrink below their content width
ok 463 - the onboarding grid columns can shrink below their content width
  ---
  duration_ms: 3.361
  type: 'test'
  ...
# Subtest: supporting-text selectors match the markup their components actually render
ok 464 - supporting-text selectors match the markup their components actually render
  ---
  duration_ms: 10.2578
  type: 'test'
  ...
# Subtest: active lifecycle grants Operator/provider writes while plan controls QuoteDone
ok 465 - active lifecycle grants Operator/provider writes while plan controls QuoteDone
  ---
  duration_ms: 20.3983
  type: 'test'
  ...
# Subtest: unknown or missing plan/status fails closed
ok 466 - unknown or missing plan/status fails closed
  ---
  duration_ms: 1.9436
  type: 'test'
  ...
# Subtest: trial expiry uses an exclusive exact UTC boundary
ok 467 - trial expiry uses an exclusive exact UTC boundary
  ---
  duration_ms: 1.8713
  type: 'test'
  ...
# Subtest: missing, invalid, non-UTC, and impossible trial end timestamps fail closed
ok 468 - missing, invalid, non-UTC, and impossible trial end timestamps fail closed
  ---
  duration_ms: 2.4337
  type: 'test'
  ...
# Subtest: payment failure keeps full service until, but not at, the seven-day UTC boundary
ok 469 - payment failure keeps full service until, but not at, the seven-day UTC boundary
  ---
  duration_ms: 6.1014
  type: 'test'
  ...
# Subtest: payment failure without a trustworthy failure timestamp fails closed
ok 470 - payment failure without a trustworthy failure timestamp fails closed
  ---
  duration_ms: 1.4789
  type: 'test'
  ...
# Subtest: suspended and cancellation lifecycle states deny all normal/provider access
ok 471 - suspended and cancellation lifecycle states deny all normal/provider access
  ---
  duration_ms: 1.7844
  type: 'test'
  ...
# Subtest: trial voice cap allows minute 59 and sends the next call to fallback at minute 60
ok 472 - trial voice cap allows minute 59 and sends the next call to fallback at minute 60
  ---
  duration_ms: 1.7473
  type: 'test'
  ...
# Subtest: a trial call already in progress finishes after the cap, but the next call cannot start
ok 473 - a trial call already in progress finishes after the cap, but the next call cannot start
  ---
  duration_ms: 6.4052
  type: 'test'
  ...
# Subtest: unavailable or malformed trial usage blocks new calls but never cuts off an existing call
ok 474 - unavailable or malformed trial usage blocks new calls but never cuts off an existing call
  ---
  duration_ms: 3.3821
  type: 'test'
  ...
# Subtest: the trial cap does not limit active paid accounts, while denied lifecycle still blocks voice
ok 475 - the trial cap does not limit active paid accounts, while denied lifecycle still blocks voice
  ---
  duration_ms: 1.3601
  type: 'test'
  ...
# (node:133580) ExperimentalWarning: SQLite is an experimental feature and might change at any time
# (Use `node --trace-warnings ...` to show where the warning was created)
# Subtest: launch persistence tables and indexes migrate idempotently
ok 476 - launch persistence tables and indexes migrate idempotently
  ---
  duration_ms: 118.1682
  type: 'test'
  ...
# Subtest: legacy calls and appointments receive additive launch columns without data loss
ok 477 - legacy calls and appointments receive additive launch columns without data loss
  ---
  duration_ms: 426.362
  type: 'test'
  ...
# Subtest: billing migration backfills immutable terminal subscription history without inventing deletion evidence
ok 478 - billing migration backfills immutable terminal subscription history without inventing deletion evidence
  ---
  duration_ms: 108.0855
  type: 'test'
  ...
# Subtest: independent script and decompressed cases retain their original exact bytes
ok 479 - independent script and decompressed cases retain their original exact bytes
  ---
  duration_ms: 52.5562
  type: 'test'
  ...
# Subtest: original runner still rejects a one-byte fixture change
ok 480 - original runner still rejects a one-byte fixture change
  ---
  duration_ms: 4667.5919
  type: 'test'
  ...
# ▲ [WARNING] "import.meta" is not available with the "iife" output format and will be empty [empty-import-meta]
#     client/src/api.js:2:48:
#       2 │ ...t.meta.env?.VITE_API_URL??(import.meta.env?.DEV?'http://localhos...
#         ╵                               ~~~~~~~~~~~
#   You need to set the output format to "esm" for "import.meta" to work correctly.
# Subtest: editor D1: root factor survives no-edit blur save reopen and same-type switches
ok 481 - editor D1: root factor survives no-edit blur save reopen and same-type switches
  ---
  duration_ms: 82564.9558
  type: 'test'
  ...
# Subtest: editor D1: nested factor survives no-edit blur save reopen and same-type switches
ok 482 - editor D1: nested factor survives no-edit blur save reopen and same-type switches
  ---
  duration_ms: 56460.1952
  type: 'test'
  ...
# Subtest: editor D1: flat factor survives no-edit blur save reopen and same-type switches
ok 483 - editor D1: flat factor survives no-edit blur save reopen and same-type switches
  ---
  duration_ms: 26842.7151
  type: 'test'
  ...
# Subtest: editor D1: equal factor survives no-edit blur save reopen and same-type switches
ok 484 - editor D1: equal factor survives no-edit blur save reopen and same-type switches
  ---
  duration_ms: 28773.4204
  type: 'test'
  ...
# Subtest: editor D1: a genuine absent default is displayed without being written by focus or blur
ok 485 - editor D1: a genuine absent default is displayed without being written by focus or blur
  ---
  duration_ms: 20446.1188
  type: 'test'
  ...
# Subtest: editor D2: conflicting minima survive no-edit focus blur preview switches and unrelated edits
ok 486 - editor D2: conflicting minima survive no-edit focus blur preview switches and unrelated edits
  ---
  duration_ms: 18644.823
  type: 'test'
  ...
# Subtest: editor D2: deliberate 14.02 resolves both minima and only its own AI confirmation
ok 487 - editor D2: deliberate 14.02 resolves both minima and only its own AI confirmation
  ---
  duration_ms: 25718.7942
  type: 'test'
  ...
# Subtest: editor locked rate: 0.0049 types blurs saves and reopens exactly
ok 488 - editor locked rate: 0.0049 types blurs saves and reopens exactly
  ---
  duration_ms: 18970.8438
  type: 'test'
  ...
# Subtest: editor locked rate: 0.0050 types blurs saves and reopens exactly
ok 489 - editor locked rate: 0.0050 types blurs saves and reopens exactly
  ---
  duration_ms: 17735.9886
  type: 'test'
  ...
# Subtest: editor locked rate: 0.0051 types blurs saves and reopens exactly
ok 490 - editor locked rate: 0.0051 types blurs saves and reopens exactly
  ---
  duration_ms: 15756.4449
  type: 'test'
  ...
# Subtest: editor locked invalid text: lossless rejection survives blur same-type switch and save
ok 491 - editor locked invalid text: lossless rejection survives blur same-type switch and save
  ---
  duration_ms: 11680.8003
  type: 'test'
  ...
# Subtest: editor locked maps tiers and explicit enablement stay separate for two same-type records
ok 492 - editor locked maps tiers and explicit enablement stay separate for two same-type records
  ---
  duration_ms: 22131.0315
  type: 'test'
  ...
# Subtest: editor D1 direct: reviewer minimal legacy fixture saves root 0.23 without a nested copy
ok 493 - editor D1 direct: reviewer minimal legacy fixture saves root 0.23 without a nested copy
  ---
  duration_ms: 19077.4115
  type: 'test'
  ...
# Subtest: editor D2 direct: deliberately typing the displayed candidate resolves the conflict and revokes affected approval
ok 494 - editor D2 direct: deliberately typing the displayed candidate resolves the conflict and revokes affected approval
  ---
  duration_ms: 53437.1026
  type: 'test'
  ...
