TAP version 13
# Subtest: email origins are trusted, absolute and production HTTPS only
ok 1 - email origins are trusted, absolute and production HTTPS only
  ---
  duration_ms: 19.1219
  type: 'test'
  ...
# Subtest: unsafe production link configuration rejects before account creation
ok 2 - unsafe production link configuration rejects before account creation
  ---
  duration_ms: 47.0016
  type: 'test'
  ...
# Subtest: failed signup delivery leaves a recoverable account and preserves payment gating
ok 3 - failed signup delivery leaves a recoverable account and preserves payment gating
  ---
  duration_ms: 67.9645
  type: 'test'
  ...
# Subtest: account status and authenticated resend derive identity from authenticated user
ok 4 - account status and authenticated resend derive identity from authenticated user
  ---
  duration_ms: 18.9625
  type: 'test'
  ...
# Subtest: successful resend uses cooldown and hashed idempotency key without returning a raw token
ok 5 - successful resend uses cooldown and hashed idempotency key without returning a raw token
  ---
  duration_ms: 21.994
  type: 'test'
  ...
# Subtest: failed resend revokes only its link and preserves an earlier delivered link
ok 6 - failed resend revokes only its link and preserves an earlier delivered link
  ---
  duration_ms: 25.6034
  type: 'test'
  ...
# Subtest: an older delivery failure cannot revoke a newer concurrent send
ok 7 - an older delivery failure cannot revoke a newer concurrent send
  ---
  duration_ms: 17.1521
  type: 'test'
  ...
# Subtest: verification is single use, purpose scoped and invalidates other verification links
ok 8 - verification is single use, purpose scoped and invalidates other verification links
  ---
  duration_ms: 24.9524
  type: 'test'
  ...
# Subtest: verification accepts legacy GET while rejecting expired or malformed links
ok 9 - verification accepts legacy GET while rejecting expired or malformed links
  ---
  duration_ms: 19.7178
  type: 'test'
  ...
# Subtest: reset changes the password, consumes all reset links and does not grant paid access
ok 10 - reset changes the password, consumes all reset links and does not grant paid access
  ---
  duration_ms: 27.9246
  type: 'test'
  ...
# Subtest: invalid reset input cannot consume a valid token or change a password
ok 11 - invalid reset input cannot consume a valid token or change a password
  ---
  duration_ms: 16.0184
  type: 'test'
  ...
# Subtest: expired reset links cannot change passwords
ok 12 - expired reset links cannot change passwords
  ---
  duration_ms: 11.766
  type: 'test'
  ...
# Subtest: forgotPassword keeps unknown, known and delivery failures indistinguishable
ok 13 - forgotPassword keeps unknown, known and delivery failures indistinguishable
  ---
  duration_ms: 18.7039
  type: 'test'
  ...
# Subtest: resendVerificationPublic keeps unknown, known and delivery failures indistinguishable
ok 14 - resendVerificationPublic keeps unknown, known and delivery failures indistinguishable
  ---
  duration_ms: 18.5677
  type: 'test'
  ...
# Subtest: public recovery is bounded per IP without requiring a known account
ok 15 - public recovery is bounded per IP without requiring a known account
  ---
  duration_ms: 22.6895
  type: 'test'
  ...
# Subtest: production refuses console or missing configuration without making network requests or logging secrets
ok 16 - production refuses console or missing configuration without making network requests or logging secrets
  ---
  duration_ms: 5.8614
  type: 'test'
  ...
# Subtest: development console logs metadata only and identifies simulation
ok 17 - development console logs metadata only and identifies simulation
  ---
  duration_ms: 1.998
  type: 'test'
  ...
# Subtest: provider retry preserves body and idempotency key for ambiguous outcomes
ok 18 - provider retry preserves body and idempotency key for ambiguous outcomes
  ---
  duration_ms: 188.74
  type: 'test'
  ...
# Subtest: permanent provider rejection does not retry or expose its response
ok 19 - permanent provider rejection does not retry or expose its response
  ---
  duration_ms: 4.3103
  type: 'test'
  ...
# Subtest: persistent transport failure has exactly three attempts and a safe error
ok 20 - persistent transport failure has exactly three attempts and a safe error
  ---
  duration_ms: 3.1357
  type: 'test'
  ...
# Subtest: an HTTP success without a provider receipt is not reported accepted
ok 21 - an HTTP success without a provider receipt is not reported accepted
  ---
  duration_ms: 4.825
  type: 'test'
  ...
# Subtest: invalid recipients, header injection and invalid keys are rejected before transport
ok 22 - invalid recipients, header injection and invalid keys are rejected before transport
  ---
  duration_ms: 4.325
  type: 'test'
  ...
# Subtest: configured bcrypt costs below the required twelve rounds fail before account creation
ok 23 - configured bcrypt costs below the required twelve rounds fail before account creation
  ---
  duration_ms: 25.0155
  type: 'test'
  ...
# Subtest: invalid bcrypt configuration cannot consume a reset link or replace a password
ok 24 - invalid bcrypt configuration cannot consume a reset link or replace a password
  ---
  duration_ms: 10.2915
  type: 'test'
  ...
# (node:132156) ExperimentalWarning: SQLite is an experimental feature and might change at any time
# (Use `node --trace-warnings ...` to show where the warning was created)
# Subtest: real application migration supports verification tokens and preserves consumption on restart
ok 25 - real application migration supports verification tokens and preserves consumption on restart
  ---
  duration_ms: 123.6989
  type: 'test'
  ...
# Subtest: parallel requests share one refresh and retain exact mutation bodies/idempotency keys
ok 26 - parallel requests share one refresh and retain exact mutation bodies/idempotency keys
  ---
  duration_ms: 36.0174
  type: 'test'
  ...
# Subtest: one protected 401 retries after refresh; a provider 403 never triggers refresh
ok 27 - one protected 401 retries after refresh; a provider 403 never triggers refresh
  ---
  duration_ms: 11.1176
  type: 'test'
  ...
# Subtest: an in-flight refresh cannot replace a newly signed-in account or clear it after failure
ok 28 - an in-flight refresh cannot replace a newly signed-in account or clear it after failure
  ---
  duration_ms: 2.8268
  type: 'test'
  ...
# Subtest: invalid session clears browser access, but a temporary refresh outage preserves it
ok 29 - invalid session clears browser access, but a temporary refresh outage preserves it
  ---
  duration_ms: 6.5939
  type: 'test'
  ...
# Subtest: a cross-tab rotation conflict retries with the current cookie without clearing the winning session
ok 30 - a cross-tab rotation conflict retries with the current cookie without clearing the winning session
  ---
  duration_ms: 167.1184
  type: 'test'
  ...
# Subtest: logout clears local access only after server acknowledgement, and preserves it on failure
ok 31 - logout clears local access only after server acknowledgement, and preserves it on failure
  ---
  duration_ms: 3.1172
  type: 'test'
  ...
# Subtest: an old logout response cannot clear the new account credentials
ok 32 - an old logout response cannot clear the new account credentials
  ---
  duration_ms: 1.8478
  type: 'test'
  ...
# Subtest: session/billing storage identity remains stable through access rotation and isolated between accounts and sign-ins
ok 33 - session/billing storage identity remains stable through access rotation and isolated between accounts and sign-ins
  ---
  duration_ms: 64.2814
  type: 'test'
  ...
# Subtest: public quote requests omit cookies and never refresh the owner session
ok 34 - public quote requests omit cookies and never refresh the owner session
  ---
  duration_ms: 4.231
  type: 'test'
  ...
# Subtest: login waits for the tab refresh to finish before issuing a new cookie
ok 35 - login waits for the tab refresh to finish before issuing a new cookie
  ---
  duration_ms: 12.6124
  type: 'test'
  ...
# Subtest: production login issues a Secure host cookie; no refresh secret appears in JSON
ok 36 - production login issues a Secure host cookie; no refresh secret appears in JSON
  ---
  duration_ms: 95.54
  type: 'test'
  ...
# Subtest: refresh rotates its cookie once, binds to the signed access session, and leaves a conflict cookie untouched
ok 37 - refresh rotates its cookie once, binds to the signed access session, and leaves a conflict cookie untouched
  ---
  duration_ms: 49.6537
  type: 'test'
  ...
# Subtest: hostile origins cannot log in, create accounts, refresh, reset passwords or log out
ok 38 - hostile origins cannot log in, create accounts, refresh, reset passwords or log out
  ---
  duration_ms: 19.0479
  type: 'test'
  ...
# Subtest: expired access can refresh within eight hours; logout revokes expired signed access too
ok 39 - expired access can refresh within eight hours; logout revokes expired signed access too
  ---
  duration_ms: 32.0905
  type: 'test'
  ...
# Subtest: an old tab logout preserves the newer account cookie and session
ok 40 - an old tab logout preserves the newer account cookie and session
  ---
  duration_ms: 29.7067
  type: 'test'
  ...
# Subtest: password reset atomically revokes every session for that account while another tenant remains valid
ok 41 - password reset atomically revokes every session for that account while another tenant remains valid
  ---
  duration_ms: 49.6019
  type: 'test'
  ...
# Subtest: reset revocation failure rolls back password and link consumption
ok 42 - reset revocation failure rolls back password and link consumption
  ---
  duration_ms: 20.0698
  type: 'test'
  ...
# Subtest: password reset cannot be bypassed by a login whose password comparison was already in flight
ok 43 - password reset cannot be bypassed by a login whose password comparison was already in flight
  ---
  duration_ms: 15.4035
  type: 'test'
  ...
# Subtest: durable login reservations stop a parallel password-guess burst before hashing and survive handler recreation
ok 44 - durable login reservations stop a parallel password-guess burst before hashing and survive handler recreation
  ---
  duration_ms: 22.0033
  type: 'test'
  ...
# Subtest: successful logins release their durable reservation; a broken session store fails closed
ok 45 - successful logins release their durable reservation; a broken session store fails closed
  ---
  duration_ms: 44.7565
  type: 'test'
  ...
# Subtest: logout store failure does not claim success or clear the cookie; stateless tokens cannot authorize
ok 46 - logout store failure does not claim success or clear the cookie; stateless tokens cannot authorize
  ---
  duration_ms: 20.1677
  type: 'test'
  ...
# Subtest: two actual workers contending for the same refresh receipt produce one success and one conflict
ok 47 - two actual workers contending for the same refresh receipt produce one success and one conflict
  ---
  duration_ms: 6643.4166
  type: 'test'
  ...
# Subtest: refresh chooses the signed session cookie when multiple session cookies arrive
ok 48 - refresh chooses the signed session cookie when multiple session cookies arrive
  ---
  duration_ms: 126.8629
  type: 'test'
  ...
# Subtest: a foreign receipt under the selected cookie name cannot refresh or revoke the foreign session
ok 49 - a foreign receipt under the selected cookie name cannot refresh or revoke the foreign session
  ---
  duration_ms: 85.1385
  type: 'test'
  ...
# Subtest: anonymous logout does not select, revoke or expire another signed-in session
ok 50 - anonymous logout does not select, revoke or expire another signed-in session
  ---
  duration_ms: 34.9157
  type: 'test'
  ...
# Subtest: legacy shared cookie names and duplicate selected cookies fail closed without changing other cookies
ok 51 - legacy shared cookie names and duplicate selected cookies fail closed without changing other cookies
  ---
  duration_ms: 28.7907
  type: 'test'
  ...
# Subtest: logout revokes signed intent and expires only its own cookie even when that cookie is missing
ok 52 - logout revokes signed intent and expires only its own cookie even when that cookie is missing
  ---
  duration_ms: 26.6582
  type: 'test'
  ...
# Subtest: fresh sign-ins to the same account have isolated cookie names and logout boundaries
ok 53 - fresh sign-ins to the same account have isolated cookie names and logout boundaries
  ---
  duration_ms: 40.3137
  type: 'test'
  ...
# Subtest: session creates short access token, eight-hour absolute expiry and hashed refresh storage
ok 54 - session creates short access token, eight-hour absolute expiry and hashed refresh storage
  ---
  duration_ms: 95.5985
  type: 'test'
  ...
# Subtest: access and refresh expire at exact boundaries; refresh never extends absolute lifetime
ok 55 - access and refresh expire at exact boundaries; refresh never extends absolute lifetime
  ---
  duration_ms: 25.0157
  type: 'test'
  ...
# Subtest: refresh rotates one-use secret; replay conflict does not revoke a successful concurrent refresh
ok 56 - refresh rotates one-use secret; replay conflict does not revoke a successful concurrent refresh
  ---
  duration_ms: 25.3708
  type: 'test'
  ...
# Subtest: logout revokes only the selected session; password reset revokes all user sessions
ok 57 - logout revokes only the selected session; password reset revokes all user sessions
  ---
  duration_ms: 31.9759
  type: 'test'
  ...
# Subtest: credential changes invalidate all old access/refresh tokens and reject stale login snapshots
ok 58 - credential changes invalidate all old access/refresh tokens and reject stale login snapshots
  ---
  duration_ms: 24.1385
  type: 'test'
  ...
# Subtest: password mutation and session revocation roll back together on transaction failure
ok 59 - password mutation and session revocation roll back together on transaction failure
  ---
  duration_ms: 12.2936
  type: 'test'
  ...
# Subtest: delete change cannot retain an owner session
ok 60 - delete change cannot retain an owner session
  ---
  duration_ms: 9.0623
  type: 'test'
  ...
# Subtest: role change cannot retain an owner session
ok 61 - role change cannot retain an owner session
  ---
  duration_ms: 11.1321
  type: 'test'
  ...
# Subtest: email change cannot retain an owner session
ok 62 - email change cannot retain an owner session
  ---
  duration_ms: 13.5771
  type: 'test'
  ...
# Subtest: staff reparenting or missing owner cannot carry a session to another tenant
ok 63 - staff reparenting or missing owner cannot carry a session to another tenant
  ---
  duration_ms: 18.9251
  type: 'test'
  ...
# Subtest: admin sessions bind to current environment credentials and explicit admin provenance
ok 64 - admin sessions bind to current environment credentials and explicit admin provenance
  ---
  duration_ms: 8.85
  type: 'test'
  ...
# Subtest: stateless, malformed or transplanted JWT claims never authorize a session
ok 65 - stateless, malformed or transplanted JWT claims never authorize a session
  ---
  duration_ms: 11.3344
  type: 'test'
  ...
# Subtest: session and refresh receipts survive service restart and share a single winner across SQLite connections
ok 66 - session and refresh receipts survive service restart and share a single winner across SQLite connections
  ---
  duration_ms: 3052.0872
  type: 'test'
  ...
# Subtest: signing failure rolls back both the session and refresh receipt
ok 67 - signing failure rolls back both the session and refresh receipt
  ---
  duration_ms: 7.5578
  type: 'test'
  ...
# Subtest: limiter persists reservations across services; successful login release does not consume failure allowance
ok 68 - limiter persists reservations across services; successful login release does not consume failure allowance
  ---
  duration_ms: 12.0809
  type: 'test'
  ...
# Subtest: old-window completion cannot release a new-window reservation
ok 69 - old-window completion cannot release a new-window reservation
  ---
  duration_ms: 11.4948
  type: 'test'
  ...
# Subtest: limiter capacity is bounded and expired records are reclaimed
ok 70 - limiter capacity is bounded and expired records are reclaimed
  ---
  duration_ms: 7.7639
  type: 'test'
  ...
# Subtest: limiter shares counters across actual database connections
ok 71 - limiter shares counters across actual database connections
  ---
  duration_ms: 2470.0406
  type: 'test'
  ...
# Subtest: issues 256-bit tokens, persists only a SHA-256 hash, and enforces TTL policy
ok 72 - issues 256-bit tokens, persists only a SHA-256 hash, and enforces TTL policy
  ---
  duration_ms: 92.5934
  type: 'test'
  ...
# Subtest: purpose binding fails generically without burning a valid token and consumption is one-use
ok 73 - purpose binding fails generically without burning a valid token and consumption is one-use
  ---
  duration_ms: 12.3047
  type: 'test'
  ...
# Subtest: unknown, malformed, polluted-prototype, accessor, and unsupported-purpose inputs have one public failure
ok 74 - unknown, malformed, polluted-prototype, accessor, and unsupported-purpose inputs have one public failure
  ---
  duration_ms: 10.5898
  type: 'test'
  ...
# Subtest: a token is expired at the exact expiry boundary and remains unusable
ok 75 - a token is expired at the exact expiry boundary and remains unusable
  ---
  duration_ms: 8.7397
  type: 'test'
  ...
# Subtest: tokens survive process-style service restart without raw-token persistence
ok 76 - tokens survive process-style service restart without raw-token persistence
  ---
  duration_ms: 2608.0594
  type: 'test'
  ...
# Subtest: explicit invalidation and default replacement revoke all earlier outstanding tokens
ok 77 - explicit invalidation and default replacement revoke all earlier outstanding tokens
  ---
  duration_ms: 10.7718
  type: 'test'
  ...
# Subtest: hash collisions retry, and exhausted retries roll back replacement invalidation
ok 78 - hash collisions retry, and exhausted retries roll back replacement invalidation
  ---
  duration_ms: 15.5976
  type: 'test'
  ...
# Subtest: database failures and consume callbacks roll back atomically without leaking internals
ok 79 - database failures and consume callbacks roll back atomically without leaking internals
  ---
  duration_ms: 12.8806
  type: 'test'
  ...
# Subtest: competing consumers on separate SQLite connections cannot both consume one token
ok 80 - competing consumers on separate SQLite connections cannot both consume one token
  ---
  duration_ms: 2539.6588
  type: 'test'
  ...
# Subtest: schema triggers make identity immutable and consumption irreversible
ok 81 - schema triggers make identity immutable and consumption irreversible
  ---
  duration_ms: 9.7763
  type: 'test'
  ...
# Subtest: billing stays fully disabled unless explicitly enabled
ok 82 - billing stays fully disabled unless explicitly enabled
  ---
  duration_ms: 10.3316
  type: 'test'
  ...
# Subtest: one validated configuration drives Checkout and webhook price authority
ok 83 - one validated configuration drives Checkout and webhook price authority
  ---
  duration_ms: 5.2131
  type: 'test'
  ...
# Subtest: billing rejects test credentials in production and malformed signing secrets
ok 84 - billing rejects test credentials in production and malformed signing secrets
  ---
  duration_ms: 5.8751
  type: 'test'
  ...
# Subtest: billing rejects missing, duplicate, or unsafe price and redirect configuration
ok 85 - billing rejects missing, duplicate, or unsafe price and redirect configuration
  ---
  duration_ms: 2.3236
  type: 'test'
  ...
# Subtest: loopback HTTP billing URLs are development-only
ok 86 - loopback HTTP billing URLs are development-only
  ---
  duration_ms: 3.0307
  type: 'test'
  ...
# Subtest: launch configuration requires only the two offered plans; legacy Scale prices are not offered
ok 87 - launch configuration requires only the two offered plans; legacy Scale prices are not offered
  ---
  duration_ms: 1.5641
  type: 'test'
  ...
# (node:131244) ExperimentalWarning: SQLite is an experimental feature and might change at any time
# (Use `node --trace-warnings ...` to show where the warning was created)
# Subtest: webhook installer keeps the raw parser before the handler and exposes the exact supported allowlist
ok 88 - webhook installer keeps the raw parser before the handler and exposes the exact supported allowlist
  ---
  duration_ms: 12.1937
  type: 'test'
  ...
# Subtest: verified webhook bytes are passed unchanged and supported events are acknowledged generically
ok 89 - verified webhook bytes are passed unchanged and supported events are acknowledged generically
  ---
  duration_ms: 2.8243
  type: 'test'
  ...
# Subtest: webhook rejects parsed bodies, missing or bad signatures, and state failures without leaking details
ok 90 - webhook rejects parsed bodies, missing or bad signatures, and state failures without leaking details
  ---
  duration_ms: 2.9212
  type: 'test'
  ...
# Subtest: unsupported verified events are ignored and Checkout line items are hydrated without replacing signed identity
ok 91 - unsupported verified events are ignored and Checkout line items are hydrated without replacing signed identity
  ---
  duration_ms: 6.6258
  type: 'test'
  ...
# Subtest: Checkout hydration fails closed when the retrieved first-class identity does not match the signed event
ok 92 - Checkout hydration fails closed when the retrieved first-class identity does not match the signed event
  ---
  duration_ms: 2.1974
  type: 'test'
  ...
# Subtest: authenticated Checkout creates and persists one provider customer, uses configured prices, and never grants access
ok 93 - authenticated Checkout creates and persists one provider customer, uses configured prices, and never grants access
  ---
  duration_ms: 88.3121
  type: 'test'
  ...
# Subtest: an expired open Checkout releases the owner slot while the original key still replays its sealed response
ok 94 - an expired open Checkout releases the owner slot while the original key still replays its sealed response
  ---
  duration_ms: 44.7715
  type: 'test'
  ...
# Subtest: an ambiguous provider failure permits only the same-key recovery with the same Stripe idempotency key
ok 95 - an ambiguous provider failure permits only the same-key recovery with the same Stripe idempotency key
  ---
  duration_ms: 51.9677
  type: 'test'
  ...
# Subtest: an unresolved claim cannot create a subscription after the owner becomes active
ok 96 - an unresolved claim cannot create a subscription after the owner becomes active
  ---
  duration_ms: 80.7435
  type: 'test'
  ...
# Subtest: an unrecovered claim older than Stripe idempotency retention fails closed for every key
ok 97 - an unrecovered claim older than Stripe idempotency retention fails closed for every key
  ---
  duration_ms: 52.7284
  type: 'test'
  ...
# Subtest: Checkout accepts only the closed plan/interval contract and requires a stable client idempotency key
ok 98 - Checkout accepts only the closed plan/interval contract and requires a stable client idempotency key
  ---
  duration_ms: 50.9272
  type: 'test'
  ...
# Subtest: billing portal uses only the stored customer mapping and rejects body-supplied ownership
ok 99 - billing portal uses only the stored customer mapping and rejects body-supplied ownership
  ---
  duration_ms: 65.2612
  type: 'test'
  ...
# Subtest: Checkout blocks a second subscription and portal never creates an unmapped customer
ok 100 - Checkout blocks a second subscription and portal never creates an unmapped customer
  ---
  duration_ms: 88.1191
  type: 'test'
  ...
# Subtest: verified terminal deletion permits resubscription while the original request remains replayable after activation
ok 101 - verified terminal deletion permits resubscription while the original request remains replayable after activation
  ---
  duration_ms: 71.618
  type: 'test'
  ...
# Subtest: billing route configuration fails closed on incomplete prices, unsafe redirects, and invalid integration labels
ok 102 - billing route configuration fails closed on incomplete prices, unsafe redirects, and invalid integration labels
  ---
  duration_ms: 49.1413
  type: 'test'
  ...
# Subtest: Scale Checkout is rejected before creating a customer or session
ok 103 - Scale Checkout is rejected before creating a customer or session
  ---
  duration_ms: 41.734
  type: 'test'
  ...
# (node:130292) ExperimentalWarning: SQLite is an experimental feature and might change at any time
# (Use `node --trace-warnings ...` to show where the warning was created)
# Subtest: billing schema stores first-class evidence and sanitized idempotent event receipts
ok 104 - billing schema stores first-class evidence and sanitized idempotent event receipts
  ---
  duration_ms: 64.9874
  type: 'test'
  ...
# Subtest: fresh, direct-write, and legacy unevidenced trials fail closed to pending_payment
ok 105 - fresh, direct-write, and legacy unevidenced trials fail closed to pending_payment
  ---
  duration_ms: 60.5519
  type: 'test'
  ...
# Subtest: verified event application is idempotent and never stores raw customer metadata
ok 106 - verified event application is idempotent and never stores raw customer metadata
  ---
  duration_ms: 55.1663
  type: 'test'
  ...
# Subtest: same event ID with changed authoritative fields is rejected
ok 107 - same event ID with changed authoritative fields is rejected
  ---
  duration_ms: 41.7539
  type: 'test'
  ...
# Subtest: customer and subscription IDs mapped to different owners are rejected atomically
ok 108 - customer and subscription IDs mapped to different owners are rejected atomically
  ---
  duration_ms: 41.7088
  type: 'test'
  ...
# Subtest: unrecognized prices and ambiguous base plans are rejected without changing access
ok 109 - unrecognized prices and ambiguous base plans are rejected without changing access
  ---
  duration_ms: 49.3941
  type: 'test'
  ...
# Subtest: an older out-of-order failure is receipted but cannot regress newer active state
ok 110 - an older out-of-order failure is receipted but cannot regress newer active state
  ---
  duration_ms: 49.7014
  type: 'test'
  ...
# Subtest: payment failure preserves seven days of service and paid recovery restores immediately
ok 111 - payment failure preserves seven days of service and paid recovery restores immediately
  ---
  duration_ms: 50.454
  type: 'test'
  ...
# Subtest: expired grace is suspended idempotently and queues one transition
ok 112 - expired grace is suspended idempotently and queues one transition
  ---
  duration_ms: 48.832
  type: 'test'
  ...
# Subtest: subscription deletion cancels immediately and a later stale active update cannot reopen it
ok 113 - subscription deletion cancels immediately and a later stale active update cannot reopen it
  ---
  duration_ms: 50.8973
  type: 'test'
  ...
# Subtest: verified terminal deletion permits only a newer server-ledger Checkout to bind a replacement subscription
ok 114 - verified terminal deletion permits only a newer server-ledger Checkout to bind a replacement subscription
  ---
  duration_ms: 55.0148
  type: 'test'
  ...
# Subtest: Checkout completion without paid or setup evidence cannot start a trial
ok 115 - Checkout completion without paid or setup evidence cannot start a trial
  ---
  duration_ms: 56.1468
  type: 'test'
  ...
# Subtest: a state-write failure rolls back identifier binding, logs, outbox, and receipt
ok 116 - a state-write failure rolls back identifier binding, logs, outbox, and receipt
  ---
  duration_ms: 39.8752
  type: 'test'
  ...
# Subtest: booking owner routes expose the complete configuration surface
ok 117 - booking owner routes expose the complete configuration surface
  ---
  duration_ms: 12.2334
  type: 'test'
  ...
# Subtest: route handlers derive tenant identity from auth context and pass bodies unchanged to strict service validation
ok 118 - route handlers derive tenant identity from auth context and pass bodies unchanged to strict service validation
  ---
  duration_ms: 10.6223
  type: 'test'
  ...
# (node:131372) ExperimentalWarning: SQLite is an experimental feature and might change at any time
# (Use `node --trace-warnings ...` to show where the warning was created)
# Subtest: owner settings and per-service policy become direct-ready only from owner-scoped saved state
ok 119 - owner settings and per-service policy become direct-ready only from owner-scoped saved state
  ---
  duration_ms: 270.3641
  type: 'test'
  ...
# Subtest: tenant isolation prevents reading or writing another owner service policy
ok 120 - tenant isolation prevents reading or writing another owner service policy
  ---
  duration_ms: 15.2131
  type: 'test'
  ...
# Subtest: settings validation is closed and rejects invalid timezone, hours, overlaps, and bounds without writes
ok 121 - settings validation is closed and rejects invalid timezone, hours, overlaps, and bounds without writes
  ---
  duration_ms: 97.0103
  type: 'test'
  ...
# Subtest: policy validation rejects invalid modes, durations, fields, unknown services, and ambiguous tiers
ok 122 - policy validation rejects invalid modes, durations, fields, unknown services, and ambiguous tiers
  ---
  duration_ms: 42.9091
  type: 'test'
  ...
# Subtest: widget branding and origin allowlist are strict, tenant-scoped, and preserve the public key
ok 123 - widget branding and origin allowlist are strict, tenant-scoped, and preserve the public key
  ---
  duration_ms: 56.9306
  type: 'test'
  ...
# Subtest: widget settings and access-key creation roll back together on key collision
ok 124 - widget settings and access-key creation roll back together on key collision
  ---
  duration_ms: 10.0754
  type: 'test'
  ...
# Subtest: readiness fails closed for missing credentials and empty hours, while Calendly is only an external handoff
ok 125 - readiness fails closed for missing credentials and empty hours, while Calendly is only an external handoff
  ---
  duration_ms: 56.0924
  type: 'test'
  ...
# Subtest: structured service-area readiness distinguishes missing, invalid, and valid policies without exposing city data
ok 126 - structured service-area readiness distinguishes missing, invalid, and valid policies without exposing city data
  ---
  duration_ms: 45.7665
  type: 'test'
  ...
# Subtest: booking capability fails closed through explicit, direct, handoff, and preference states
ok 127 - booking capability fails closed through explicit, direct, handoff, and preference states
  ---
  duration_ms: 141.1651
  type: 'test'
  ...
# Subtest: public branding validates every owner-configurable value
ok 128 - public branding validates every owner-configurable value
  ---
  duration_ms: 4.7697
  type: 'test'
  ...
# (node:132620) ExperimentalWarning: SQLite is an experimental feature and might change at any time
# (Use `node --trace-warnings ...` to show where the warning was created)
# Subtest: preference request atomically stores a callback request without claiming a booking
ok 129 - preference request atomically stores a callback request without claiming a booking
  ---
  duration_ms: 158.9624
  type: 'test'
  ...
# Subtest: tenant isolation and expired or inactive intent checks happen before writes
ok 130 - tenant isolation and expired or inactive intent checks happen before writes
  ---
  duration_ms: 19.0512
  type: 'test'
  ...
# Subtest: request validation is closed and rejects malformed nested data
ok 131 - request validation is closed and rejects malformed nested data
  ---
  duration_ms: 113.3044
  type: 'test'
  ...
# Subtest: future dates use settings timezone, then a valid owner timezone fallback
ok 132 - future dates use settings timezone, then a valid owner timezone fallback
  ---
  duration_ms: 21.4101
  type: 'test'
  ...
# Subtest: exact retry survives restart and expiry while changed payload conflicts
ok 133 - exact retry survives restart and expiry while changed payload conflicts
  ---
  duration_ms: 9.707
  type: 'test'
  ...
# Subtest: outbox failure rolls back preference and idempotency receipt atomically
ok 134 - outbox failure rolls back preference and idempotency receipt atomically
  ---
  duration_ms: 8.2423
  type: 'test'
  ...
# Subtest: public booking context binds token tenant and exact allowed website origin
ok 135 - public booking context binds token tenant and exact allowed website origin
  ---
  duration_ms: 15.54
  type: 'test'
  ...
# Subtest: availability requires unchanged scope and a strict post-quote identity envelope
ok 136 - availability requires unchanged scope and a strict post-quote identity envelope
  ---
  duration_ms: 6.9437
  type: 'test'
  ...
# Subtest: hold, release, confirm, and polling forward only server-bound context
ok 137 - hold, release, confirm, and polling forward only server-bound context
  ---
  duration_ms: 5.6474
  type: 'test'
  ...
# (node:131228) ExperimentalWarning: SQLite is an experimental feature and might change at any time
# (Use `node --trace-warnings ...` to show where the warning was created)
# Subtest: booking tokens resolve tenant context without accepting a body ownerId
ok 138 - booking tokens resolve tenant context without accepting a body ownerId
  ---
  duration_ms: 40.5083
  type: 'test'
  ...
# Subtest: tenant-scoped availability does not reveal another owner intent
ok 139 - tenant-scoped availability does not reveal another owner intent
  ---
  duration_ms: 12.6636
  type: 'test'
  ...
# Subtest: unconfigured and out-of-area requests fall back before any calendar read
ok 140 - unconfigured and out-of-area requests fall back before any calendar read
  ---
  duration_ms: 166.2364
  type: 'test'
  ...
# Subtest: confirmation rechecks current service-area policy before provider work
ok 141 - confirmation rechecks current service-area policy before provider work
  ---
  duration_ms: 542.3068
  type: 'test'
  ...
# Subtest: slot IDs are opaque and tampering is rejected without creating a hold
ok 142 - slot IDs are opaque and tampering is rejected without creating a hold
  ---
  duration_ms: 338.2456
  type: 'test'
  ...
# Subtest: holds last exactly five minutes, retry exactly, block overlap, and release after expiry
ok 143 - holds last exactly five minutes, retry exactly, block overlap, and release after expiry
  ---
  duration_ms: 309.6863
  type: 'test'
  ...
# Subtest: hold release is tenant-scoped, exact-replay idempotent, and stable after expiry
ok 144 - hold release is tenant-scoped, exact-replay idempotent, and stable after expiry
  ---
  duration_ms: 176.3437
  type: 'test'
  ...
# Subtest: idempotency key reuse with a changed hold payload is rejected
ok 145 - idempotency key reuse with a changed hold payload is rejected
  ---
  duration_ms: 166.3
  type: 'test'
  ...
# Subtest: a policy revision change invalidates a held slot before provider work
ok 146 - a policy revision change invalidates a held slot before provider work
  ---
  duration_ms: 176.0592
  type: 'test'
  ...
# Subtest: review outcomes cannot book a job directly, and released multi-tier jobs require a valid tier
ok 147 - review outcomes cannot book a job directly, and released multi-tier jobs require a valid tier
  ---
  duration_ms: 139.7923
  type: 'test'
  ...
# Subtest: confirmed provider result commits one appointment and one outbox event, with exact retry
ok 148 - confirmed provider result commits one appointment and one outbox event, with exact retry
  ---
  duration_ms: 185.0615
  type: 'test'
  ...
# Subtest: pending confirmation is customer-safe, opaque, pollable, and exact-replay idempotent
ok 149 - pending confirmation is customer-safe, opaque, pollable, and exact-replay idempotent
  ---
  duration_ms: 225.5092
  type: 'test'
  ...
# Subtest: confirmation polling reconciles pending to the full confirmed public shape without changing the confirm receipt
ok 150 - confirmation polling reconciles pending to the full confirmed public shape without changing the confirm receipt
  ---
  duration_ms: 252.7102
  type: 'test'
  ...
# Subtest: confirmation polling returns an exact customer-safe failure shape
ok 151 - confirmation polling returns an exact customer-safe failure shape
  ---
  duration_ms: 233.6767
  type: 'test'
  ...
# Subtest: a provider conflict discovered after the hold releases it without creating an event
ok 152 - a provider conflict discovered after the hold releases it without creating an event
  ---
  duration_ms: 484.1327
  type: 'test'
  ...
# Subtest: known provider failure returns 503, preserves the unexpired hold, and retries from receipt
ok 153 - known provider failure returns 503, preserves the unexpired hold, and retries from receipt
  ---
  duration_ms: 537.1209
  type: 'test'
  ...
# Subtest: ambiguous provider timeout reconciles by deterministic event lookup
ok 154 - ambiguous provider timeout reconciles by deterministic event lookup
  ---
  duration_ms: 280.6985
  type: 'test'
  ...
# Subtest: calendar conversion rejects a spring-forward wall time and preserves both fall-back instants
ok 155 - calendar conversion rejects a spring-forward wall time and preserves both fall-back instants
  ---
  duration_ms: 47.5741
  type: 'test'
  ...
# Subtest: Provider confirmation create: missing-status never books or emits booked notification
ok 156 - Provider confirmation create: missing-status never books or emits booked notification
  ---
  duration_ms: 247.5063
  type: 'test'
  ...
# Subtest: Provider confirmation create: tentative never books or emits booked notification
ok 157 - Provider confirmation create: tentative never books or emits booked notification
  ---
  duration_ms: 273.1941
  type: 'test'
  ...
# Subtest: Provider confirmation create: cancelled never books or emits booked notification
ok 158 - Provider confirmation create: cancelled never books or emits booked notification
  ---
  duration_ms: 266.209
  type: 'test'
  ...
# Subtest: Provider confirmation create: wrong-id never books or emits booked notification
ok 159 - Provider confirmation create: wrong-id never books or emits booked notification
  ---
  duration_ms: 397.3265
  type: 'test'
  ...
# Subtest: Provider confirmation create: wrong-day never books or emits booked notification
ok 160 - Provider confirmation create: wrong-day never books or emits booked notification
  ---
  duration_ms: 285.6491
  type: 'test'
  ...
# Subtest: Provider confirmation create: wrong-duration never books or emits booked notification
ok 161 - Provider confirmation create: wrong-duration never books or emits booked notification
  ---
  duration_ms: 214.1883
  type: 'test'
  ...
# Subtest: Provider confirmation create: missing-start never books or emits booked notification
ok 162 - Provider confirmation create: missing-start never books or emits booked notification
  ---
  duration_ms: 158.0802
  type: 'test'
  ...
# Subtest: Provider confirmation create: numeric-start never books or emits booked notification
ok 163 - Provider confirmation create: numeric-start never books or emits booked notification
  ---
  duration_ms: 158.4333
  type: 'test'
  ...
# Subtest: Provider confirmation recovery: missing-status never books or emits booked notification
ok 164 - Provider confirmation recovery: missing-status never books or emits booked notification
  ---
  duration_ms: 182.1815
  type: 'test'
  ...
# Subtest: Provider confirmation recovery: tentative never books or emits booked notification
ok 165 - Provider confirmation recovery: tentative never books or emits booked notification
  ---
  duration_ms: 131.4947
  type: 'test'
  ...
# Subtest: Provider confirmation recovery: cancelled never books or emits booked notification
ok 166 - Provider confirmation recovery: cancelled never books or emits booked notification
  ---
  duration_ms: 108.6421
  type: 'test'
  ...
# Subtest: Provider confirmation recovery: wrong-id never books or emits booked notification
ok 167 - Provider confirmation recovery: wrong-id never books or emits booked notification
  ---
  duration_ms: 145.6401
  type: 'test'
  ...
# Subtest: Provider confirmation recovery: wrong-day never books or emits booked notification
ok 168 - Provider confirmation recovery: wrong-day never books or emits booked notification
  ---
  duration_ms: 163.0804
  type: 'test'
  ...
# Subtest: Provider confirmation recovery: wrong-duration never books or emits booked notification
ok 169 - Provider confirmation recovery: wrong-duration never books or emits booked notification
  ---
  duration_ms: 117.7561
  type: 'test'
  ...
# Subtest: Provider confirmation recovery: missing-start never books or emits booked notification
ok 170 - Provider confirmation recovery: missing-start never books or emits booked notification
  ---
  duration_ms: 146.824
  type: 'test'
  ...
# Subtest: Provider confirmation recovery: numeric-start never books or emits booked notification
ok 171 - Provider confirmation recovery: numeric-start never books or emits booked notification
  ---
  duration_ms: 115.3922
  type: 'test'
  ...
# Subtest: Provider confirmation poll: missing-status never books or emits booked notification
ok 172 - Provider confirmation poll: missing-status never books or emits booked notification
  ---
  duration_ms: 133.4102
  type: 'test'
  ...
# Subtest: Provider confirmation poll: tentative never books or emits booked notification
ok 173 - Provider confirmation poll: tentative never books or emits booked notification
  ---
  duration_ms: 136.4608
  type: 'test'
  ...
# Subtest: Provider confirmation poll: cancelled never books or emits booked notification
ok 174 - Provider confirmation poll: cancelled never books or emits booked notification
  ---
  duration_ms: 215.9789
  type: 'test'
  ...
# Subtest: Provider confirmation poll: wrong-id never books or emits booked notification
ok 175 - Provider confirmation poll: wrong-id never books or emits booked notification
  ---
  duration_ms: 161.018
  type: 'test'
  ...
# Subtest: Provider confirmation poll: wrong-day never books or emits booked notification
ok 176 - Provider confirmation poll: wrong-day never books or emits booked notification
  ---
  duration_ms: 114.706
  type: 'test'
  ...
# Subtest: Provider confirmation poll: wrong-duration never books or emits booked notification
ok 177 - Provider confirmation poll: wrong-duration never books or emits booked notification
  ---
  duration_ms: 149.9954
  type: 'test'
  ...
# Subtest: Provider confirmation poll: missing-start never books or emits booked notification
ok 178 - Provider confirmation poll: missing-start never books or emits booked notification
  ---
  duration_ms: 134.2486
  type: 'test'
  ...
# Subtest: Provider confirmation poll: numeric-start never books or emits booked notification
ok 179 - Provider confirmation poll: numeric-start never books or emits booked notification
  ---
  duration_ms: 170.842
  type: 'test'
  ...
# Subtest: Provider confirmation accepts the same exact instants expressed with another timezone offset
ok 180 - Provider confirmation accepts the same exact instants expressed with another timezone offset
  ---
  duration_ms: 156.0347
  type: 'test'
  ...
# Subtest: One intent cannot create another appointment through a different hold or idempotency key
ok 181 - One intent cannot create another appointment through a different hold or idempotency key
  ---
  duration_ms: 263.5639
  type: 'test'
  ...
# Subtest: Interrupted pre-write preparation releases its slot and fences a late handler
ok 182 - Interrupted pre-write preparation releases its slot and fences a late handler
  ---
  duration_ms: 215.808
  type: 'test'
  ...
# Subtest: Interrupted pre-write preparation releases its slot and fences a late handler with a late read failure
ok 183 - Interrupted pre-write preparation releases its slot and fences a late handler with a late read failure
  ---
  duration_ms: 188.9186
  type: 'test'
  ...
# Subtest: A provider write already started remains pending after restart until its exact event is confirmed
ok 184 - A provider write already started remains pending after restart until its exact event is confirmed
  ---
  duration_ms: 170.1832
  type: 'test'
  ...
# Subtest: Opus booking: missing event after write marker retries the exact saved event and confirms once
ok 185 - Opus booking: missing event after write marker retries the exact saved event and confirms once
  ---
  duration_ms: 148.8912
  type: 'test'
  ...
# Subtest: Opus booking: simultaneous recovery polls create only one retry
ok 186 - Opus booking: simultaneous recovery polls create only one retry
  ---
  duration_ms: 222.9964
  type: 'test'
  ...
# Subtest: Opus booking control: lookup-failed never creates a new event or announces confirmation
ok 187 - Opus booking control: lookup-failed never creates a new event or announces confirmation
  ---
  duration_ms: 114.1473
  type: 'test'
  ...
# Subtest: Opus booking control: busy never creates a new event or announces confirmation
ok 188 - Opus booking control: busy never creates a new event or announces confirmation
  ---
  duration_ms: 132.8793
  type: 'test'
  ...
# Subtest: Opus booking control: policy-changed never creates a new event or announces confirmation
ok 189 - Opus booking control: policy-changed never creates a new event or announces confirmation
  ---
  duration_ms: 131.8471
  type: 'test'
  ...
# Subtest: Opus booking control: calendar-changed never creates a new event or announces confirmation
ok 190 - Opus booking control: calendar-changed never creates a new event or announces confirmation
  ---
  duration_ms: 118.295
  type: 'test'
  ...
# Subtest: Opus booking control: no-idempotency never creates a new event or announces confirmation
ok 191 - Opus booking control: no-idempotency never creates a new event or announces confirmation
  ---
  duration_ms: 150.0228
  type: 'test'
  ...
# Subtest: Opus booking control: expired-time never creates a new event or announces confirmation
ok 192 - Opus booking control: expired-time never creates a new event or announces confirmation
  ---
  duration_ms: 129.9118
  type: 'test'
  ...
# Subtest: Opus booking: existing event is reconciled without a write
ok 193 - Opus booking: existing event is reconciled without a write
  ---
  duration_ms: 138.735
  type: 'test'
  ...
# Subtest: booking token receipts round trip without exposing the public token
ok 194 - booking token receipts round trip without exposing the public token
  ---
  duration_ms: 20.7549
  type: 'test'
  ...
# Subtest: booking token receipts reject tampering, wrong keys, and incomplete payloads
ok 195 - booking token receipts reject tampering, wrong keys, and incomplete payloads
  ---
  duration_ms: 12.7602
  type: 'test'
  ...
# Subtest: calendar credentials encrypt with authenticated encryption and round trip
ok 196 - calendar credentials encrypt with authenticated encryption and round trip
  ---
  duration_ms: 20.8483
  type: 'test'
  ...
# Subtest: calendar credential tampering and invalid keys fail closed
ok 197 - calendar credential tampering and invalid keys fail closed
  ---
  duration_ms: 5.9183
  type: 'test'
  ...
# Subtest: legacy plaintext Google credentials are encrypted before profile metadata is scrubbed
ok 198 - legacy plaintext Google credentials are encrypted before profile metadata is scrubbed
  ---
  duration_ms: 6.7493
  type: 'test'
  ...
# Subtest: non-secret calendar metadata does not trigger a credential migration
ok 199 - non-secret calendar metadata does not trigger a credential migration
  ---
  duration_ms: 1.8538
  type: 'test'
  ...
# Subtest: New owner fields remain blank instead of becoming invented availability
ok 200 - New owner fields remain blank instead of becoming invented availability
  ---
  duration_ms: 142.33
  type: 'test'
  ...
# Subtest: Saved settings round trip with zero notice and independent working-hour edits
ok 201 - Saved settings round trip with zero notice and independent working-hour edits
  ---
  duration_ms: 25.6407
  type: 'test'
  ...
# Subtest: Unchanged blackout keeps exact seconds and absolute instant through timezone changes
ok 202 - Unchanged blackout keeps exact seconds and absolute instant through timezone changes
  ---
  duration_ms: 72.5244
  type: 'test'
  ...
# Subtest: Edited blackout uses the business timezone rather than the browser timezone
ok 203 - Edited blackout uses the business timezone rather than the browser timezone
  ---
  duration_ms: 15.1075
  type: 'test'
  ...
# Subtest: Clock-change gaps and repeated local times require an editable correction
ok 204 - Clock-change gaps and repeated local times require an editable correction
  ---
  duration_ms: 28.0601
  type: 'test'
  ...
# (node:133164) ExperimentalWarning: SQLite is an experimental feature and might change at any time
# (Use `node --trace-warnings ...` to show where the warning was created)
# Subtest: issue returns 32-byte base64url entropy and stores only its SHA-256 hash
ok 205 - issue returns 32-byte base64url entropy and stores only its SHA-256 hash
  ---
  duration_ms: 23.4241
  type: 'test'
  ...
# Subtest: consume atomically marks a live state and returns its persisted owner binding
ok 206 - consume atomically marks a live state and returns its persisted owner binding
  ---
  duration_ms: 7.313
  type: 'test'
  ...
# Subtest: a consumed state is rejected on replay with the generic public message
ok 207 - a consumed state is rejected on replay with the generic public message
  ---
  duration_ms: 9.2691
  type: 'test'
  ...
# Subtest: an expired state fails closed and is not marked consumed
ok 208 - an expired state fails closed and is not marked consumed
  ---
  duration_ms: 7.5541
  type: 'test'
  ...
# Subtest: malformed and unknown state values fail closed without reflecting input
ok 209 - malformed and unknown state values fail closed without reflecting input
  ---
  duration_ms: 6.0082
  type: 'test'
  ...
# Subtest: a digest collision is retried without overwriting the existing owner
ok 210 - a digest collision is retried without overwriting the existing owner
  ---
  duration_ms: 6.5762
  type: 'test'
  ...
# Subtest: collision exhaustion fails safely after a bounded number of attempts
ok 211 - collision exhaustion fails safely after a bounded number of attempts
  ---
  duration_ms: 6.4522
  type: 'test'
  ...
# Subtest: database failures are replaced by stable secret-safe errors
ok 212 - database failures are replaced by stable secret-safe errors
  ---
  duration_ms: 12.3162
  type: 'test'
  ...
# Subtest: a reentrant competing consumer can win, but exactly one consumer succeeds
ok 213 - a reentrant competing consumer can win, but exactly one consumer succeeds
  ---
  duration_ms: 10.2712
  type: 'test'
  ...
# Subtest: state survives a service and database restart until its one successful consume
ok 214 - state survives a service and database restart until its one successful consume
  ---
  duration_ms: 2368.8787
  type: 'test'
  ...
# Subtest: owner, TTL, clock, and random-source validation fails before unsafe state use
ok 215 - owner, TTL, clock, and random-source validation fails before unsafe state use
  ---
  duration_ms: 20.3996
  type: 'test'
  ...
# Subtest: FENCING_INSTALL installed: independent complete quote
ok 216 - FENCING_INSTALL installed: independent complete quote
  ---
  duration_ms: 362.8931
  type: 'test'
  ...
# Subtest: FENCING_INSTALL itemized: independent complete quote
ok 217 - FENCING_INSTALL itemized: independent complete quote
  ---
  duration_ms: 214.9226
  type: 'test'
  ...
# Subtest: FENCING_REPLACEMENT installed: independent complete quote
ok 218 - FENCING_REPLACEMENT installed: independent complete quote
  ---
  duration_ms: 165.8545
  type: 'test'
  ...
# Subtest: FENCING_REPLACEMENT itemized: independent complete quote
ok 219 - FENCING_REPLACEMENT itemized: independent complete quote
  ---
  duration_ms: 185.8133
  type: 'test'
  ...
# Subtest: INTERIOR_PAINTING installed: independent complete quote
ok 220 - INTERIOR_PAINTING installed: independent complete quote
  ---
  duration_ms: 137.7833
  type: 'test'
  ...
# Subtest: INTERIOR_PAINTING itemized: independent complete quote
ok 221 - INTERIOR_PAINTING itemized: independent complete quote
  ---
  duration_ms: 196.2752
  type: 'test'
  ...
# Subtest: EXTERIOR_PAINTING installed: independent complete quote
ok 222 - EXTERIOR_PAINTING installed: independent complete quote
  ---
  duration_ms: 74.4127
  type: 'test'
  ...
# Subtest: EXTERIOR_PAINTING itemized: independent complete quote
ok 223 - EXTERIOR_PAINTING itemized: independent complete quote
  ---
  duration_ms: 102.2461
  type: 'test'
  ...
# Subtest: Configured offerings: missing selected prices and mismatched defined scope do not quote
ok 224 - Configured offerings: missing selected prices and mismatched defined scope do not quote
  ---
  duration_ms: 159.485
  type: 'test'
  ...
# Subtest: Configured offerings: nested gate input, unexpected scope and contradictory fields cannot disappear
ok 225 - Configured offerings: nested gate input, unexpected scope and contradictory fields cannot disappear
  ---
  duration_ms: 47.5743
  type: 'test'
  ...
# Subtest: Configured offerings: fractional-cent unit rates and installed selling-price markup behavior
ok 226 - Configured offerings: fractional-cent unit rates and installed selling-price markup behavior
  ---
  duration_ms: 16.9056
  type: 'test'
  ...
# Subtest: Itemized fence: owner cost markup and sales tax apply once; installed gates stay selling prices
ok 227 - Itemized fence: owner cost markup and sales tax apply once; installed gates stay selling prices
  ---
  duration_ms: 33.2769
  type: 'test'
  ...
# Subtest: Fence removal disposal is charged exactly once and only when selected
ok 228 - Fence removal disposal is charged exactly once and only when selected
  ---
  duration_ms: 54.7074
  type: 'test'
  ...
# Subtest: Offering definitions do not convert zero required prices into a free job
ok 229 - Offering definitions do not convert zero required prices into a free job
  ---
  duration_ms: 83.4525
  type: 'test'
  ...
# Subtest: All painting surface conditions quote only their explicitly defined finish, primer and preparation
ok 230 - All painting surface conditions quote only their explicitly defined finish, primer and preparation
  ---
  duration_ms: 255.6855
  type: 'test'
  ...
# Subtest: Inactive owner choices retain saved values without adding charges, and unknown shapes remain invalid
ok 231 - Inactive owner choices retain saved values without adding charges, and unknown shapes remain invalid
  ---
  duration_ms: 30.5679
  type: 'test'
  ...
# Subtest: Tier rate overrides retain inherited scope and disclose unusable options
ok 232 - Tier rate overrides retain inherited scope and disclose unusable options
  ---
  duration_ms: 107.1342
  type: 'test'
  ...
# Subtest: authenticated application CORS permits only configured exact origins
ok 233 - authenticated application CORS permits only configured exact origins
  ---
  duration_ms: 24.3759
  type: 'test'
  ...
# Subtest: public quote and booking paths defer exact website authorization to tenant context
ok 234 - public quote and booking paths defer exact website authorization to tenant context
  ---
  duration_ms: 12.3885
  type: 'test'
  ...
# Subtest: customer wording 1: unspecified decking has one on-site per-sheet disclosure and no internal charge wording
ok 235 - customer wording 1: unspecified decking has one on-site per-sheet disclosure and no internal charge wording
  ---
  duration_ms: 314.6645
  type: 'test'
  ...
# Subtest: customer wording 2: the existing roof layer count appears once
ok 236 - customer wording 2: the existing roof layer count appears once
  ---
  duration_ms: 126.1207
  type: 'test'
  ...
# Subtest: customer wording 3: biweekly mowing states its per-visit explanation once
ok 237 - customer wording 3: biweekly mowing states its per-visit explanation once
  ---
  duration_ms: 49.8952
  type: 'test'
  ...
# Subtest: customer wording coverage includes every registered service with a complete quote control
ok 238 - customer wording coverage includes every registered service with a complete quote control
  ---
  duration_ms: 1.9839
  type: 'test'
  ...
# Subtest: customer wording scan: ROOFING_REPLACEMENT
ok 239 - customer wording scan: ROOFING_REPLACEMENT
  ---
  duration_ms: 481.428
  type: 'test'
  ...
# Subtest: customer wording scan: ROOFING_REPAIR
ok 240 - customer wording scan: ROOFING_REPAIR
  ---
  duration_ms: 67.0039
  type: 'test'
  ...
# Subtest: customer wording scan: FLAT_ROOF_REPLACEMENT
ok 241 - customer wording scan: FLAT_ROOF_REPLACEMENT
  ---
  duration_ms: 222.4582
  type: 'test'
  ...
# Subtest: customer wording scan: FLAT_ROOF_REPAIR
ok 242 - customer wording scan: FLAT_ROOF_REPAIR
  ---
  duration_ms: 43.6325
  type: 'test'
  ...
# Subtest: customer wording scan: INTERIOR_PAINTING
ok 243 - customer wording scan: INTERIOR_PAINTING
  ---
  duration_ms: 376.1394
  type: 'test'
  ...
# Subtest: customer wording scan: EXTERIOR_PAINTING
ok 244 - customer wording scan: EXTERIOR_PAINTING
  ---
  duration_ms: 153.9974
  type: 'test'
  ...
# Subtest: customer wording scan: FLOORING_INSTALL
ok 245 - customer wording scan: FLOORING_INSTALL
  ---
  duration_ms: 1069.8943
  type: 'test'
  ...
# Subtest: customer wording scan: FLOORING_REPLACEMENT
ok 246 - customer wording scan: FLOORING_REPLACEMENT
  ---
  duration_ms: 104.5147
  type: 'test'
  ...
# Subtest: customer wording scan: FENCING_INSTALL
ok 247 - customer wording scan: FENCING_INSTALL
  ---
  duration_ms: 178.9832
  type: 'test'
  ...
# Subtest: customer wording scan: FENCING_REPLACEMENT
ok 248 - customer wording scan: FENCING_REPLACEMENT
  ---
  duration_ms: 319.3723
  type: 'test'
  ...
# Subtest: customer wording scan: SIDING_REPLACEMENT
ok 249 - customer wording scan: SIDING_REPLACEMENT
  ---
  duration_ms: 377.3436
  type: 'test'
  ...
# Subtest: customer wording scan: SIDING_REPAIR
ok 250 - customer wording scan: SIDING_REPAIR
  ---
  duration_ms: 48.9408
  type: 'test'
  ...
# Subtest: customer wording scan: CONCRETE_DRIVEWAY
ok 251 - customer wording scan: CONCRETE_DRIVEWAY
  ---
  duration_ms: 71.5242
  type: 'test'
  ...
# Subtest: customer wording scan: CONCRETE_PATIO_SLAB
ok 252 - customer wording scan: CONCRETE_PATIO_SLAB
  ---
  duration_ms: 395.676
  type: 'test'
  ...
# Subtest: customer wording scan: LANDSCAPING_CLEANUP
ok 253 - customer wording scan: LANDSCAPING_CLEANUP
  ---
  duration_ms: 48.3827
  type: 'test'
  ...
# Subtest: customer wording scan: LANDSCAPING_MULCH
ok 254 - customer wording scan: LANDSCAPING_MULCH
  ---
  duration_ms: 51.8223
  type: 'test'
  ...
# Subtest: customer wording scan: LANDSCAPING_SOD
ok 255 - customer wording scan: LANDSCAPING_SOD
  ---
  duration_ms: 55.0452
  type: 'test'
  ...
# Subtest: customer wording scan: LANDSCAPING_PLANTING
ok 256 - customer wording scan: LANDSCAPING_PLANTING
  ---
  duration_ms: 83.2769
  type: 'test'
  ...
# Subtest: customer wording scan: LANDSCAPING_MOWING
ok 257 - customer wording scan: LANDSCAPING_MOWING
  ---
  duration_ms: 383.542
  type: 'test'
  ...
# Subtest: customer wording scan: CUSTOM
ok 258 - customer wording scan: CUSTOM
  ---
  duration_ms: 45.2284
  type: 'test'
  ...
# Subtest: bridge construction requires explicit transcript and tool boundaries
ok 259 - bridge construction requires explicit transcript and tool boundaries
  ---
  duration_ms: 15.1508
  type: 'test'
  ...
# Subtest: valid Twilio media is identity-bound, converted to PCM16 16 kHz, and closes on stop
ok 260 - valid Twilio media is identity-bound, converted to PCM16 16 kHz, and closes on stop
  ---
  duration_ms: 31.6466
  type: 'test'
  ...
# Subtest: Gemini PCM16 24 kHz audio becomes Twilio media plus an acknowledged mark
ok 261 - Gemini PCM16 24 kHz audio becomes Twilio media plus an acknowledged mark
  ---
  duration_ms: 23.018
  type: 'test'
  ...
# Subtest: Gemini interruption clears Twilio immediately and discards already queued output
ok 262 - Gemini interruption clears Twilio immediately and discards already queued output
  ---
  duration_ms: 11.3531
  type: 'test'
  ...
# Subtest: validated transcripts and tool calls cross only their injected callback interfaces
ok 263 - validated transcripts and tool calls cross only their injected callback interfaces
  ---
  duration_ms: 8.603
  type: 'test'
  ...
# Subtest: forged call identity in the Twilio start event fails before Gemini opens
ok 264 - forged call identity in the Twilio start event fails before Gemini opens
  ---
  duration_ms: 5.651
  type: 'test'
  ...
# Subtest: a socket close during Gemini connection cannot leak or resurrect the provider session
ok 265 - a socket close during Gemini connection cannot leak or resurrect the provider session
  ---
  duration_ms: 54.1748
  type: 'test'
  ...
# Subtest: a provider close callback during application shutdown cannot recurse or deadlock
ok 266 - a provider close callback during application shutdown cannot recurse or deadlock
  ---
  duration_ms: 3.1643
  type: 'test'
  ...
# Subtest: out-of-order, unknown-mark, binary, and malformed audio events fail closed
    # Subtest: sequence gap
    ok 1 - sequence gap
      ---
      duration_ms: 6.2907
      type: 'test'
      ...
    # Subtest: unknown mark
    ok 2 - unknown mark
      ---
      duration_ms: 5.1053
      type: 'test'
      ...
    # Subtest: binary event
    ok 3 - binary event
      ---
      duration_ms: 3.8747
      type: 'test'
      ...
    # Subtest: non-canonical media base64
    ok 4 - non-canonical media base64
      ---
      duration_ms: 3.4047
      type: 'test'
      ...
    1..4
ok 267 - out-of-order, unknown-mark, binary, and malformed audio events fail closed
  ---
  duration_ms: 25.6055
  type: 'test'
  ...
# Subtest: payload rate, queue, and socket backpressure limits terminate instead of buffering unboundedly
    # Subtest: inbound byte rate
    ok 1 - inbound byte rate
      ---
      duration_ms: 5.6819
      type: 'test'
      ...
    # Subtest: socket buffered amount
    ok 2 - socket buffered amount
      ---
      duration_ms: 8.8881
      type: 'test'
      ...
    # Subtest: queued input audio
    ok 3 - queued input audio
      ---
      duration_ms: 6.4941
      type: 'test'
      ...
    1..3
ok 268 - payload rate, queue, and socket backpressure limits terminate instead of buffering unboundedly
  ---
  duration_ms: 23.198
  type: 'test'
  ...
# Subtest: invalid provider audio, transcript, or tool data fails closed without echoing details
    # Subtest: wrong output format
    ok 1 - wrong output format
      ---
      duration_ms: 4.5408
      type: 'test'
      ...
    # Subtest: control character transcript
    ok 2 - control character transcript
      ---
      duration_ms: 2.7847
      type: 'test'
      ...
    # Subtest: prototype-bearing tool arguments
    ok 3 - prototype-bearing tool arguments
      ---
      duration_ms: 3.1335
      type: 'test'
      ...
    # Subtest: accessor-bearing provider objects
    ok 4 - accessor-bearing provider objects
      ---
      duration_ms: 2.9354
      type: 'test'
      ...
    1..4
ok 269 - invalid provider audio, transcript, or tool data fails closed without echoing details
  ---
  duration_ms: 16.5547
  type: 'test'
  ...
# Subtest: listBusy is owner scoped and maps the Google freebusy request and response
ok 270 - listBusy is owner scoped and maps the Google freebusy request and response
  ---
  duration_ms: 279.3978
  type: 'test'
  ...
# Subtest: UTC request bounds and freebusy response bounds fail closed before use
ok 271 - UTC request bounds and freebusy response bounds fail closed before use
  ---
  duration_ms: 12.3931
  type: 'test'
  ...
# Subtest: createEvent uses the deterministic BookingService event ID and getEvent validates it
ok 272 - createEvent uses the deterministic BookingService event ID and getEvent validates it
  ---
  duration_ms: 279.2646
  type: 'test'
  ...
# Subtest: getEvent preserves cancelled provider status for BookingService reconciliation
ok 273 - getEvent preserves cancelled provider status for BookingService reconciliation
  ---
  duration_ms: 7.9253
  type: 'test'
  ...
# Subtest: an expired access token is refreshed, persisted with its refresh token, and never returned
ok 274 - an expired access token is refreshed, persisted with its refresh token, and never returned
  ---
  duration_ms: 18.9117
  type: 'test'
  ...
# Subtest: concurrent expired-token requests coalesce one owner-scoped refresh
ok 275 - concurrent expired-token requests coalesce one owner-scoped refresh
  ---
  duration_ms: 81.793
  type: 'test'
  ...
# Subtest: a 401 refreshes and retries the Calendar request once
ok 276 - a 401 refreshes and retries the Calendar request once
  ---
  duration_ms: 59.5976
  type: 'test'
  ...
# Subtest: a staggered concurrent 401 reloads a token another request already rotated
ok 277 - a staggered concurrent 401 reloads a token another request already rotated
  ---
  duration_ms: 21.8459
  type: 'test'
  ...
# Subtest: a repeated 401 is not retried or refreshed more than once
ok 278 - a repeated 401 is not retried or refreshed more than once
  ---
  duration_ms: 14.3908
  type: 'test'
  ...
# Subtest: create network and timeout failures are ambiguous without exposing underlying errors
ok 279 - create network and timeout failures are ambiguous without exposing underlying errors
  ---
  duration_ms: 30.9822
  type: 'test'
  ...
# Subtest: the request deadline covers a stalled create response body
ok 280 - the request deadline covers a stalled create response body
  ---
  duration_ms: 64.796
  type: 'test'
  ...
# Subtest: a known Google 4xx write failure is non-ambiguous and sanitized
ok 281 - a known Google 4xx write failure is non-ambiguous and sanitized
  ---
  duration_ms: 16.0548
  type: 'test'
  ...
# Subtest: tenant and credential failures fail closed before a provider call
ok 282 - tenant and credential failures fail closed before a provider call
  ---
  duration_ms: 4.32
  type: 'test'
  ...
# Subtest: refresh rejection and persistence failures expose no OAuth or credential material
ok 283 - refresh rejection and persistence failures expose no OAuth or credential material
  ---
  duration_ms: 16.1431
  type: 'test'
  ...
# Subtest: malformed Google response shapes fail closed and create parse failures remain ambiguous
ok 284 - malformed Google response shapes fail closed and create parse failures remain ambiguous
  ---
  duration_ms: 12.5181
  type: 'test'
  ...
# node:internal/modules/esm/resolve:275
#     throw new ERR_MODULE_NOT_FOUND(
#           ^
# Error [ERR_MODULE_NOT_FOUND]: Cannot find module 'C:\\Users\\money\\Documents\\Codex\\2026-09-27\\read-the-audit-check-the-current\\work\\customer-wording-repairs-20261001\\server\\src\\voice\\googleGenAiLiveAdapter.js' imported from C:\\Users\\money\\Documents\\Codex\\2026-09-27\\read-the-audit-check-the-current\\work\\customer-wording-repairs-20261001\\test\\googleGenAiLiveAdapter.spec.mjs
#     at finalizeResolution (node:internal/modules/esm/resolve:275:11)
#     at moduleResolve (node:internal/modules/esm/resolve:861:10)
#     at defaultResolve (node:internal/modules/esm/resolve:985:11)
#     at \#cachedDefaultResolve (node:internal/modules/esm/loader:747:20)
#     at ModuleLoader.resolve (node:internal/modules/esm/loader:724:38)
#     at ModuleLoader.getModuleJobForImport (node:internal/modules/esm/loader:320:38)
#     at ModuleJob._link (node:internal/modules/esm/module_job:182:49) {
#   code: 'ERR_MODULE_NOT_FOUND',
#   url: 'file:///C:/Users/money/Documents/Codex/2026-09-27/read-the-audit-check-the-current/work/customer-wording-repairs-20261001/server/src/voice/googleGenAiLiveAdapter.js'
# }
# Node.js v22.23.2
# Subtest: test\\googleGenAiLiveAdapter.spec.mjs
not ok 25 - test\\googleGenAiLiveAdapter.spec.mjs
  ---
  duration_ms: 478.5778
  type: 'test'
  location: 'C:\\Users\\money\\Documents\\Codex\\2026-09-27\\read-the-audit-check-the-current\\work\\customer-wording-repairs-20261001\\test\\googleGenAiLiveAdapter.spec.mjs:1:1'
  failureType: 'testCodeFailure'
  exitCode: 1
  signal: ~
  error: 'test failed'
  code: 'ERR_TEST_FAILURE'
  ...
# Subtest: Operator signup → verified trialing → correct onboarding access
ok 286 - Operator signup → verified trialing → correct onboarding access
  ---
  duration_ms: 8036.7715
  type: 'test'
  ...
# Subtest: Operator signup → verified active → correct onboarding access
ok 287 - Operator signup → verified active → correct onboarding access
  ---
  duration_ms: 8697.4441
  type: 'test'
  ...
# Subtest: QuoteDone signup → verified trialing → correct onboarding access
ok 288 - QuoteDone signup → verified trialing → correct onboarding access
  ---
  duration_ms: 5612.5451
  type: 'test'
  ...
# Subtest: QuoteDone signup → verified active → correct onboarding access
ok 289 - QuoteDone signup → verified active → correct onboarding access
  ---
  duration_ms: 5865.5912
  type: 'test'
  ...
# Subtest: Operator cannot unlock a trial without verified payment evidence
ok 290 - Operator cannot unlock a trial without verified payment evidence
  ---
  duration_ms: 5825.3955
  type: 'test'
  ...
# Subtest: QuoteDone cannot unlock a trial without verified payment evidence
ok 291 - QuoteDone cannot unlock a trial without verified payment evidence
  ---
  duration_ms: 4861.2364
  type: 'test'
  ...
# Subtest: Scale signup is rejected without creating an account
ok 292 - Scale signup is rejected without creating an account
  ---
  duration_ms: 430.9189
  type: 'test'
  ...
# Subtest: bcrypt 6 accepts existing bcrypt 5 hashes and reset revokes the old session
ok 293 - bcrypt 6 accepts existing bcrypt 5 hashes and reset revokes the old session
  ---
  duration_ms: 11114.965
  type: 'test'
  ...
# Subtest: floor-hardwood-installed quotes its explicitly configured scope
ok 294 - floor-hardwood-installed quotes its explicitly configured scope
  ---
  duration_ms: 452.634
  type: 'test'
  ...
# Subtest: floor-hardwood-packages quotes its explicitly configured scope
ok 295 - floor-hardwood-packages quotes its explicitly configured scope
  ---
  duration_ms: 243.401
  type: 'test'
  ...
# Subtest: floor-laminate-installed quotes its explicitly configured scope
ok 296 - floor-laminate-installed quotes its explicitly configured scope
  ---
  duration_ms: 239.277
  type: 'test'
  ...
# Subtest: floor-laminate-packages quotes its explicitly configured scope
ok 297 - floor-laminate-packages quotes its explicitly configured scope
  ---
  duration_ms: 227.3516
  type: 'test'
  ...
# Subtest: floor-carpet-installed quotes its explicitly configured scope
ok 298 - floor-carpet-installed quotes its explicitly configured scope
  ---
  duration_ms: 244.7682
  type: 'test'
  ...
# Subtest: floor-carpet-packages quotes its explicitly configured scope
ok 299 - floor-carpet-packages quotes its explicitly configured scope
  ---
  duration_ms: 254.1234
  type: 'test'
  ...
# Subtest: floor-vinyl-packages quotes its explicitly configured scope
ok 300 - floor-vinyl-packages quotes its explicitly configured scope
  ---
  duration_ms: 277.5748
  type: 'test'
  ...
# Subtest: stairs-installed quotes its explicitly configured scope
ok 301 - stairs-installed quotes its explicitly configured scope
  ---
  duration_ms: 383.0776
  type: 'test'
  ...
# Subtest: overlay-installed quotes its explicitly configured scope
ok 302 - overlay-installed quotes its explicitly configured scope
  ---
  duration_ms: 384.1113
  type: 'test'
  ...
# Subtest: siding-trim-installed quotes its explicitly configured scope
ok 303 - siding-trim-installed quotes its explicitly configured scope
  ---
  duration_ms: 197.2842
  type: 'test'
  ...
# Subtest: siding-removal-installed quotes its explicitly configured scope
ok 304 - siding-removal-installed quotes its explicitly configured scope
  ---
  duration_ms: 230.0453
  type: 'test'
  ...
# Subtest: demolition-installed quotes its explicitly configured scope
ok 305 - demolition-installed quotes its explicitly configured scope
  ---
  duration_ms: 1495.0849
  type: 'test'
  ...
# Subtest: exposed-installed quotes its explicitly configured scope
ok 306 - exposed-installed quotes its explicitly configured scope
  ---
  duration_ms: 1707.5179
  type: 'test'
  ...
# Subtest: commercial-installed quotes its explicitly configured scope
ok 307 - commercial-installed quotes its explicitly configured scope
  ---
  duration_ms: 186.5627
  type: 'test'
  ...
# Subtest: stairs-itemized quotes its explicitly configured scope
ok 308 - stairs-itemized quotes its explicitly configured scope
  ---
  duration_ms: 293.3614
  type: 'test'
  ...
# Subtest: overlay-itemized quotes its explicitly configured scope
ok 309 - overlay-itemized quotes its explicitly configured scope
  ---
  duration_ms: 362.8955
  type: 'test'
  ...
# Subtest: siding-trim-itemized quotes its explicitly configured scope
ok 310 - siding-trim-itemized quotes its explicitly configured scope
  ---
  duration_ms: 123.3881
  type: 'test'
  ...
# Subtest: siding-removal-itemized quotes its explicitly configured scope
ok 311 - siding-removal-itemized quotes its explicitly configured scope
  ---
  duration_ms: 164.2131
  type: 'test'
  ...
# Subtest: demolition-itemized quotes its explicitly configured scope
ok 312 - demolition-itemized quotes its explicitly configured scope
  ---
  duration_ms: 1254.6196
  type: 'test'
  ...
# Subtest: exposed-itemized quotes its explicitly configured scope
ok 313 - exposed-itemized quotes its explicitly configured scope
  ---
  duration_ms: 1217.4399
  type: 'test'
  ...
# Subtest: commercial-itemized quotes its explicitly configured scope
ok 314 - commercial-itemized quotes its explicitly configured scope
  ---
  duration_ms: 240.8464
  type: 'test'
  ...
# Subtest: paint-cost-packages quotes its explicitly configured scope
ok 315 - paint-cost-packages quotes its explicitly configured scope
  ---
  duration_ms: 476.2173
  type: 'test'
  ...
# Subtest: roof-underlayment-packages quotes its explicitly configured scope
ok 316 - roof-underlayment-packages quotes its explicitly configured scope
  ---
  duration_ms: 164.4772
  type: 'test'
  ...
# Subtest: floor-hardwood-installed rejects missing scope facts and prices without changing submitted details
ok 317 - floor-hardwood-installed rejects missing scope facts and prices without changing submitted details
  ---
  duration_ms: 86.7729
  type: 'test'
  ...
# Subtest: floor-hardwood-packages rejects missing scope facts and prices without changing submitted details
ok 318 - floor-hardwood-packages rejects missing scope facts and prices without changing submitted details
  ---
  duration_ms: 57.7195
  type: 'test'
  ...
# Subtest: floor-laminate-installed rejects missing scope facts and prices without changing submitted details
ok 319 - floor-laminate-installed rejects missing scope facts and prices without changing submitted details
  ---
  duration_ms: 59.2549
  type: 'test'
  ...
# Subtest: floor-laminate-packages rejects missing scope facts and prices without changing submitted details
ok 320 - floor-laminate-packages rejects missing scope facts and prices without changing submitted details
  ---
  duration_ms: 62.0692
  type: 'test'
  ...
# Subtest: floor-carpet-installed rejects missing scope facts and prices without changing submitted details
ok 321 - floor-carpet-installed rejects missing scope facts and prices without changing submitted details
  ---
  duration_ms: 72.6037
  type: 'test'
  ...
# Subtest: floor-carpet-packages rejects missing scope facts and prices without changing submitted details
ok 322 - floor-carpet-packages rejects missing scope facts and prices without changing submitted details
  ---
  duration_ms: 77.6085
  type: 'test'
  ...
# Subtest: floor-vinyl-packages rejects missing scope facts and prices without changing submitted details
ok 323 - floor-vinyl-packages rejects missing scope facts and prices without changing submitted details
  ---
  duration_ms: 93.4719
  type: 'test'
  ...
# Subtest: stairs-installed rejects missing scope facts and prices without changing submitted details
ok 324 - stairs-installed rejects missing scope facts and prices without changing submitted details
  ---
  duration_ms: 126.785
  type: 'test'
  ...
# Subtest: overlay-installed rejects missing scope facts and prices without changing submitted details
ok 325 - overlay-installed rejects missing scope facts and prices without changing submitted details
  ---
  duration_ms: 76.0281
  type: 'test'
  ...
# Subtest: siding-trim-installed rejects missing scope facts and prices without changing submitted details
ok 326 - siding-trim-installed rejects missing scope facts and prices without changing submitted details
  ---
  duration_ms: 63.4599
  type: 'test'
  ...
# Subtest: siding-removal-installed rejects missing scope facts and prices without changing submitted details
ok 327 - siding-removal-installed rejects missing scope facts and prices without changing submitted details
  ---
  duration_ms: 89.2205
  type: 'test'
  ...
# Subtest: demolition-installed rejects missing scope facts and prices without changing submitted details
ok 328 - demolition-installed rejects missing scope facts and prices without changing submitted details
  ---
  duration_ms: 207.1239
  type: 'test'
  ...
# Subtest: exposed-installed rejects missing scope facts and prices without changing submitted details
ok 329 - exposed-installed rejects missing scope facts and prices without changing submitted details
  ---
  duration_ms: 186.2352
  type: 'test'
  ...
# Subtest: commercial-installed rejects missing scope facts and prices without changing submitted details
ok 330 - commercial-installed rejects missing scope facts and prices without changing submitted details
  ---
  duration_ms: 63.8854
  type: 'test'
  ...
# Subtest: stairs-itemized rejects missing scope facts and prices without changing submitted details
ok 331 - stairs-itemized rejects missing scope facts and prices without changing submitted details
  ---
  duration_ms: 155.8185
  type: 'test'
  ...
# Subtest: overlay-itemized rejects missing scope facts and prices without changing submitted details
ok 332 - overlay-itemized rejects missing scope facts and prices without changing submitted details
  ---
  duration_ms: 71.1073
  type: 'test'
  ...
# Subtest: siding-trim-itemized rejects missing scope facts and prices without changing submitted details
ok 333 - siding-trim-itemized rejects missing scope facts and prices without changing submitted details
  ---
  duration_ms: 37.716
  type: 'test'
  ...
# Subtest: siding-removal-itemized rejects missing scope facts and prices without changing submitted details
ok 334 - siding-removal-itemized rejects missing scope facts and prices without changing submitted details
  ---
  duration_ms: 105.9516
  type: 'test'
  ...
# Subtest: demolition-itemized rejects missing scope facts and prices without changing submitted details
ok 335 - demolition-itemized rejects missing scope facts and prices without changing submitted details
  ---
  duration_ms: 263.46
  type: 'test'
  ...
# Subtest: exposed-itemized rejects missing scope facts and prices without changing submitted details
ok 336 - exposed-itemized rejects missing scope facts and prices without changing submitted details
  ---
  duration_ms: 154.9799
  type: 'test'
  ...
# Subtest: commercial-itemized rejects missing scope facts and prices without changing submitted details
ok 337 - commercial-itemized rejects missing scope facts and prices without changing submitted details
  ---
  duration_ms: 63.5843
  type: 'test'
  ...
# Subtest: paint-cost-packages rejects missing scope facts and prices without changing submitted details
ok 338 - paint-cost-packages rejects missing scope facts and prices without changing submitted details
  ---
  duration_ms: 97.4976
  type: 'test'
  ...
# Subtest: roof-underlayment-packages rejects missing scope facts and prices without changing submitted details
ok 339 - roof-underlayment-packages rejects missing scope facts and prices without changing submitted details
  ---
  duration_ms: 46.5365
  type: 'test'
  ...
# Subtest: Installed scope receives no second markup; fractional unit prices remain exact
ok 340 - Installed scope receives no second markup; fractional unit prices remain exact
  ---
  duration_ms: 56.3145
  type: 'test'
  ...
# Subtest: Purchased paint cost gets material markup and tax once; installed trim does not
ok 341 - Purchased paint cost gets material markup and tax once; installed trim does not
  ---
  duration_ms: 66.2869
  type: 'test'
  ...
# Subtest: Package rounding handles exact and just-over boundaries, and rejects conflicting purchase groups
ok 342 - Package rounding handles exact and just-over boundaries, and rejects conflicting purchase groups
  ---
  duration_ms: 187.0515
  type: 'test'
  ...
# Subtest: Scope boundaries reject mismatches, nested facts and unrequested work
ok 343 - Scope boundaries reject mismatches, nested facts and unrequested work
  ---
  duration_ms: 365.0733
  type: 'test'
  ...
# Subtest: Included demolition and siding disposal replace fees, while separate main-floor disposal remains
ok 344 - Included demolition and siding disposal replace fees, while separate main-floor disposal remains
  ---
  duration_ms: 212.5916
  type: 'test'
  ...
# Subtest: Exposed-aggregate finishing uses measured outline area
ok 345 - Exposed-aggregate finishing uses measured outline area
  ---
  duration_ms: 65.6767
  type: 'test'
  ...
# Subtest: Identical partial measurements quote; any numerical contradiction remains editable
ok 346 - Identical partial measurements quote; any numerical contradiction remains editable
  ---
  duration_ms: 196.0267
  type: 'test'
  ...
# Subtest: Additional work must be excluded from the base price and unsupported scope settings reject
ok 347 - Additional work must be excluded from the base price and unsupported scope settings reject
  ---
  duration_ms: 204.2873
  type: 'test'
  ...
# Subtest: Scope tier prices preserve exact units, inherit other prices and exclude only an invalid option
ok 348 - Scope tier prices preserve exact units, inherit other prices and exclude only an invalid option
  ---
  duration_ms: 238.9348
  type: 'test'
  ...
# (node:120872) ExperimentalWarning: SQLite is an experimental feature and might change at any time
# (Use `node --trace-warnings ...` to show where the warning was created)
# Subtest: calendar onboarding canonical persistence (requires Node module mocks)
ok 349 - calendar onboarding canonical persistence (requires Node module mocks) # SKIP
  ---
  duration_ms: 9.0811
  type: 'test'
  ...
# Subtest: knowledge-base service-area persistence (requires Node module mocks)
ok 350 - knowledge-base service-area persistence (requires Node module mocks) # SKIP
  ---
  duration_ms: 6.6487
  type: 'test'
  ...
# Subtest: Opus 1: decking explanations never expose the owner unit price
ok 351 - Opus 1: decking explanations never expose the owner unit price
  ---
  duration_ms: 884.3558
  type: 'test'
  ...
# Subtest: Opus 2: TAX_NONE preserves the 45000-cent pre-tax minimum
ok 352 - Opus 2: TAX_NONE preserves the 45000-cent pre-tax minimum
  ---
  duration_ms: 60.6396
  type: 'test'
  ...
# Subtest: Opus 2: TAX_MATERIALS preserves the 45000-cent pre-tax minimum
ok 353 - Opus 2: TAX_MATERIALS preserves the 45000-cent pre-tax minimum
  ---
  duration_ms: 66.009
  type: 'test'
  ...
# Subtest: Opus 2: TAX_ALL preserves the 45000-cent pre-tax minimum
ok 354 - Opus 2: TAX_ALL preserves the 45000-cent pre-tax minimum
  ---
  duration_ms: 77.764
  type: 'test'
  ...
# Subtest: Opus 3: installed fencing quotes only its explicitly offered 0.5ft height
ok 355 - Opus 3: installed fencing quotes only its explicitly offered 0.5ft height
  ---
  duration_ms: 152.0211
  type: 'test'
  ...
# Subtest: Opus 3: installed fencing quotes only its explicitly offered 3.5ft height
ok 356 - Opus 3: installed fencing quotes only its explicitly offered 3.5ft height
  ---
  duration_ms: 97.9672
  type: 'test'
  ...
# Subtest: Opus 3: installed fencing quotes only its explicitly offered 5ft height
ok 357 - Opus 3: installed fencing quotes only its explicitly offered 5ft height
  ---
  duration_ms: 68.9971
  type: 'test'
  ...
# Subtest: Opus 3: installed fencing quotes only its explicitly offered 5.5ft height
ok 358 - Opus 3: installed fencing quotes only its explicitly offered 5.5ft height
  ---
  duration_ms: 83.001
  type: 'test'
  ...
# Subtest: Opus 3: installed fencing quotes only its explicitly offered 7ft height
ok 359 - Opus 3: installed fencing quotes only its explicitly offered 7ft height
  ---
  duration_ms: 59.3799
  type: 'test'
  ...
# Subtest: Opus 3: installed fencing quotes only its explicitly offered 9ft height
ok 360 - Opus 3: installed fencing quotes only its explicitly offered 9ft height
  ---
  duration_ms: 55.5919
  type: 'test'
  ...
# Subtest: Opus 3: itemized fencing quotes only its explicitly offered 0.5ft height
ok 361 - Opus 3: itemized fencing quotes only its explicitly offered 0.5ft height
  ---
  duration_ms: 86.3655
  type: 'test'
  ...
# Subtest: Opus 3: itemized fencing quotes only its explicitly offered 3.5ft height
ok 362 - Opus 3: itemized fencing quotes only its explicitly offered 3.5ft height
  ---
  duration_ms: 80.2006
  type: 'test'
  ...
# Subtest: Opus 3: itemized fencing quotes only its explicitly offered 5ft height
ok 363 - Opus 3: itemized fencing quotes only its explicitly offered 5ft height
  ---
  duration_ms: 98.2567
  type: 'test'
  ...
# Subtest: Opus 3: itemized fencing quotes only its explicitly offered 5.5ft height
ok 364 - Opus 3: itemized fencing quotes only its explicitly offered 5.5ft height
  ---
  duration_ms: 83.444
  type: 'test'
  ...
# Subtest: Opus 3: itemized fencing quotes only its explicitly offered 7ft height
ok 365 - Opus 3: itemized fencing quotes only its explicitly offered 7ft height
  ---
  duration_ms: 116.3215
  type: 'test'
  ...
# Subtest: Opus 3: itemized fencing quotes only its explicitly offered 9ft height
ok 366 - Opus 3: itemized fencing quotes only its explicitly offered 9ft height
  ---
  duration_ms: 111.6473
  type: 'test'
  ...
# Subtest: Opus 3: zero, negative, missing and nonnumeric offered fence heights fail closed
ok 367 - Opus 3: zero, negative, missing and nonnumeric offered fence heights fail closed
  ---
  duration_ms: 41.1703
  type: 'test'
  ...
# Subtest: Opus 4: mowing weekly labels prices per visit
ok 368 - Opus 4: mowing weekly labels prices per visit
  ---
  duration_ms: 43.8732
  type: 'test'
  ...
# Subtest: Opus 4: mowing biweekly labels prices per visit
ok 369 - Opus 4: mowing biweekly labels prices per visit
  ---
  duration_ms: 40.5985
  type: 'test'
  ...
# Subtest: Opus 4: mowing monthly labels prices per visit
ok 370 - Opus 4: mowing monthly labels prices per visit
  ---
  duration_ms: 45.1381
  type: 'test'
  ...
# Subtest: Opus 4: mowing one_time labels prices per visit
ok 371 - Opus 4: mowing one_time labels prices per visit
  ---
  duration_ms: 50.8786
  type: 'test'
  ...
# Subtest: Opus 5: every TAX_NONE option states its tax treatment
ok 372 - Opus 5: every TAX_NONE option states its tax treatment
  ---
  duration_ms: 59.2709
  type: 'test'
  ...
# Subtest: Opus 5: every TAX_MATERIALS option states its tax treatment
ok 373 - Opus 5: every TAX_MATERIALS option states its tax treatment
  ---
  duration_ms: 54.37
  type: 'test'
  ...
# Subtest: Opus 5: every TAX_ALL option states its tax treatment
ok 374 - Opus 5: every TAX_ALL option states its tax treatment
  ---
  duration_ms: 66.1471
  type: 'test'
  ...
# Subtest: Opus 6: siding-removal-installed reports lead-only scope before activation and in saved service status
ok 375 - Opus 6: siding-removal-installed reports lead-only scope before activation and in saved service status
  ---
  duration_ms: 121.3563
  type: 'test'
  ...
# Subtest: Opus 6: demolition-installed reports lead-only scope before activation and in saved service status
ok 376 - Opus 6: demolition-installed reports lead-only scope before activation and in saved service status
  ---
  duration_ms: 2161.2674
  type: 'test'
  ...
# Subtest: Opus 6: commercial-installed reports lead-only scope before activation and in saved service status
ok 377 - Opus 6: commercial-installed reports lead-only scope before activation and in saved service status
  ---
  duration_ms: 84.7857
  type: 'test'
  ...
# Subtest: Opus 6: stairs-installed reports lead-only scope before activation and in saved service status
ok 378 - Opus 6: stairs-installed reports lead-only scope before activation and in saved service status
  ---
  duration_ms: 301.5069
  type: 'test'
  ...
# Subtest: Opus 6 control: siding-removal-installed remains quotable with complete scope setup
ok 379 - Opus 6 control: siding-removal-installed remains quotable with complete scope setup
  ---
  duration_ms: 217.1963
  type: 'test'
  ...
# Subtest: Opus 6 control: demolition-installed remains quotable with complete scope setup
ok 380 - Opus 6 control: demolition-installed remains quotable with complete scope setup
  ---
  duration_ms: 1235.9399
  type: 'test'
  ...
# Subtest: Opus 6 control: commercial-installed remains quotable with complete scope setup
ok 381 - Opus 6 control: commercial-installed remains quotable with complete scope setup
  ---
  duration_ms: 201.1103
  type: 'test'
  ...
# Subtest: Opus 6 control: stairs-installed remains quotable with complete scope setup
ok 382 - Opus 6 control: stairs-installed remains quotable with complete scope setup
  ---
  duration_ms: 290.8133
  type: 'test'
  ...
# Subtest: Opus 7: access applies to all stamped labor with difficult access
ok 383 - Opus 7: access applies to all stamped labor with difficult access
  ---
  duration_ms: 86.9878
  type: 'test'
  ...
# Subtest: Opus 7: access applies to all smooth labor with difficult access
ok 384 - Opus 7: access applies to all smooth labor with difficult access
  ---
  duration_ms: 153.3961
  type: 'test'
  ...
# Subtest: Opus 7: access applies to all stamped labor with easy access
ok 385 - Opus 7: access applies to all stamped labor with easy access
  ---
  duration_ms: 311.7596
  type: 'test'
  ...
# Subtest: Opus 6 regression: malformed owner tiers still return editable diagnostics without throwing
ok 386 - Opus 6 regression: malformed owner tiers still return editable diagnostics without throwing
  ---
  duration_ms: 424.1232
  type: 'test'
  ...
# (node:130056) ExperimentalWarning: SQLite is an experimental feature and might change at any time
# (Use `node --trace-warnings ...` to show where the warning was created)
# Subtest: Calendar uses business date and correct 25-hour fall-back day boundaries
ok 387 - Calendar uses business date and correct 25-hour fall-back day boundaries
  ---
  duration_ms: 232.2937
  type: 'test'
  ...
# Subtest: Owner schedule includes overlapping appointments, preserves states and excludes other tenants
ok 388 - Owner schedule includes overlapping appointments, preserves states and excludes other tenants
  ---
  duration_ms: 28.5508
  type: 'test'
  ...
# Subtest: Calendar rejects unsupported filters, impossible dates and missing owner
ok 389 - Calendar rejects unsupported filters, impossible dates and missing owner
  ---
  duration_ms: 33.606
  type: 'test'
  ...
# Subtest: Busy-time read is scoped and changing the connection in flight rejects the old response
ok 390 - Busy-time read is scoped and changing the connection in flight rejects the old response
  ---
  duration_ms: 83.1702
  type: 'test'
  ...
# Subtest: Provider failure is an error, never a successful empty calendar
ok 391 - Provider failure is an error, never a successful empty calendar
  ---
  duration_ms: 33.5086
  type: 'test'
  ...
# (node:132808) [MODULE_TYPELESS_PACKAGE_JSON] Warning: Module type of file:///C:/Users/money/Documents/Codex/2026-09-27/read-the-audit-check-the-current/work/customer-wording-repairs-20261001/test/phase2.spec.js is not specified and it doesn't parse as CommonJS.
# Reparsing as ES module because module syntax was detected. This incurs a performance overhead.
# To eliminate this warning, add "type": "module" to C:\\Users\\money\\Documents\\Codex\\2026-09-27\\read-the-audit-check-the-current\\work\\customer-wording-repairs-20261001\\package.json.
# (Use `node --trace-warnings ...` to show where the warning was created)
# (node:132808) ExperimentalWarning: SQLite is an experimental feature and might change at any time
# Subtest: Phase 2 metadata covers every engine service and formula owner field
ok 392 - Phase 2 metadata covers every engine service and formula owner field
  ---
  duration_ms: 31.7259
  type: 'test'
  ...
# Subtest: mandated owner labels are preserved verbatim
ok 393 - mandated owner labels are preserved verbatim
  ---
  duration_ms: 7.9088
  type: 'test'
  ...
# Subtest: dollar conversion handles nested owner rates and leaves factors alone
ok 394 - dollar conversion handles nested owner rates and leaves factors alone
  ---
  duration_ms: 8.9822
  type: 'test'
  ...
# Subtest: minimum fields accept zero while rates still require a nonzero value
ok 395 - minimum fields accept zero while rates still require a nonzero value
  ---
  duration_ms: 8.894
  type: 'test'
  ...
# Subtest: AI-sourced services require individual confirmation of every field
ok 396 - AI-sourced services require individual confirmation of every field
  ---
  duration_ms: 3.0314
  type: 'test'
  ...
# Subtest: Class 2 fencing override changes labor without changing materials
ok 397 - Class 2 fencing override changes labor without changing materials
  ---
  duration_ms: 39.3258
  type: 'test'
  ...
# Subtest: Phase 2 tables enforce DRAFT-only interview persistence
ok 398 - Phase 2 tables enforce DRAFT-only interview persistence
  ---
  duration_ms: 33.9633
  type: 'test'
  ...
# Subtest: price book shape rejects more than three tiers
ok 399 - price book shape rejects more than three tiers
  ---
  duration_ms: 6.0444
  type: 'test'
  ...
# Subtest: owner-facing Phase 2 source has no gradients or forwarding mechanics
ok 400 - owner-facing Phase 2 source has no gradients or forwarding mechanics
  ---
  duration_ms: 50.4551
  type: 'test'
  ...
# Subtest: server exposes the complete Phase 2 route surface
ok 401 - server exposes the complete Phase 2 route surface
  ---
  duration_ms: 6.4617
  type: 'test'
  ...
# Subtest: every owner field is classified as money or explicitly non-money
ok 402 - every owner field is classified as money or explicitly non-money
  ---
  duration_ms: 4.1451
  type: 'test'
  ...
# Subtest: previously skipped monetary fields now convert dollars to cents
ok 403 - previously skipped monetary fields now convert dollars to cents
  ---
  duration_ms: 2.3977
  type: 'test'
  ...
# Subtest: house wrap remains included in the all-in siding rate with no separate charge
ok 404 - house wrap remains included in the all-in siding rate with no separate charge
  ---
  duration_ms: 2.0112
  type: 'test'
  ...
# Subtest: malformed leaves and business defaults are rejected at save
ok 405 - malformed leaves and business defaults are rejected at save
  ---
  duration_ms: 14.6704
  type: 'test'
  ...
# Subtest: negative pricing is rejected at save and treated as unconfigured by the engine
ok 406 - negative pricing is rejected at save and treated as unconfigured by the engine
  ---
  duration_ms: 19.488
  type: 'test'
  ...
# Subtest: missing-field statuses carry exact human-facing labels
ok 407 - missing-field statuses carry exact human-facing labels
  ---
  duration_ms: 1.8143
  type: 'test'
  ...
# Subtest: QuoteDone access requires both an eligible plan and a current lifecycle entitlement
ok 408 - QuoteDone access requires both an eligible plan and a current lifecycle entitlement
  ---
  duration_ms: 34.1496
  type: 'test'
  ...
# Subtest: Class 2 defaults are stored per service on save, and money fields round-trip
ok 409 - Class 2 defaults are stored per service on save, and money fields round-trip
  ---
  duration_ms: 278.5851
  type: 'test'
  ...
# Subtest: upgraded starter book: per-field Class 1 drafts for formula services, ranges only for CUSTOM
ok 410 - upgraded starter book: per-field Class 1 drafts for formula services, ranges only for CUSTOM
  ---
  duration_ms: 49.7864
  type: 'test'
  ...
# Subtest: shaped fields enforce spec key domains and never silently drop the customer key
ok 411 - shaped fields enforce spec key domains and never silently drop the customer key
  ---
  duration_ms: 3.4402
  type: 'test'
  ...
# Subtest: every AI-populated field, optional included, must be confirmed before activation
ok 412 - every AI-populated field, optional included, must be confirmed before activation
  ---
  duration_ms: 3.0159
  type: 'test'
  ...
# Subtest: CUSTOM exposes and enforces minimumJob; starter drafts cover closed-domain shaped fields
ok 413 - CUSTOM exposes and enforces minimumJob; starter drafts cover closed-domain shaped fields
  ---
  duration_ms: 31.6743
  type: 'test'
  ...
# Subtest: exact nested shaped prices are required for the selected quote
ok 414 - exact nested shaped prices are required for the selected quote
  ---
  duration_ms: 3.7147
  type: 'test'
  ...
# Subtest: activation requires complete mandated shaped keys and nested rows
ok 415 - activation requires complete mandated shaped keys and nested rows
  ---
  duration_ms: 6.239
  type: 'test'
  ...
# Subtest: Class 2 maps require the exact supported shape and the editor has no raw JSON factor control
ok 416 - Class 2 maps require the exact supported shape and the editor has no raw JSON factor control
  ---
  duration_ms: 4.4592
  type: 'test'
  ...
# Subtest: current draft status follows dynamic server requirements and never trusts saved LIVE state
ok 417 - current draft status follows dynamic server requirements and never trusts saved LIVE state
  ---
  duration_ms: 8.0785
  type: 'test'
  ...
# Subtest: CUSTOM starter suggestions drop negative and non-finite ranges and minimums
ok 418 - CUSTOM starter suggestions drop negative and non-finite ranges and minimums
  ---
  duration_ms: 2.121
  type: 'test'
  ...
# Subtest: flooring uses keyed type rates and human pricing keys split snake_case and camelCase
ok 419 - flooring uses keyed type rates and human pricing keys split snake_case and camelCase
  ---
  duration_ms: 12.5415
  type: 'test'
  ...
# Subtest: starter warning ruling is exact across spec, API, and model prompt
ok 420 - starter warning ruling is exact across spec, API, and model prompt
  ---
  duration_ms: 5.6054
  type: 'test'
  ...
# Subtest: service-specific quote fields reject unsupported hidden values
ok 421 - service-specific quote fields reject unsupported hidden values
  ---
  duration_ms: 12.1558
  type: 'test'
  ...
# Subtest: ruled disposal overrides are exposed, validated, converted, and confirmed
ok 422 - ruled disposal overrides are exposed, validated, converted, and confirmed
  ---
  duration_ms: 6.5102
  type: 'test'
  ...
# Subtest: disposal override falls back, prices removal, and reviews malformed values
ok 423 - disposal override falls back, prices removal, and reviews malformed values
  ---
  duration_ms: 7.7786
  type: 'test'
  ...
# Subtest: current draft validates every quote-affecting business default before save
ok 424 - current draft validates every quote-affecting business default before save
  ---
  duration_ms: 30.4189
  type: 'test'
  ...
# Subtest: owner-selectable product offerings activate on a supported subset
ok 425 - owner-selectable product offerings activate on a supported subset
  ---
  duration_ms: 1.4135
  type: 'test'
  ...
# Subtest: every ENABLED product offering must be completely priced
ok 426 - every ENABLED product offering must be completely priced
  ---
  duration_ms: 1.8773
  type: 'test'
  ...
# Subtest: at least one product offering must be enabled and priced
ok 427 - at least one product offering must be enabled and priced
  ---
  duration_ms: 0.9504
  type: 'test'
  ...
# Subtest: a disabled product requested at quote time returns review, never a substituted rate
ok 428 - a disabled product requested at quote time returns review, never a substituted rate
  ---
  duration_ms: 1.0498
  type: 'test'
  ...
# Subtest: closed non-selectable domains still require complete coverage
ok 429 - closed non-selectable domains still require complete coverage
  ---
  duration_ms: 1.1325
  type: 'test'
  ...
# Subtest: disjoint product offering maps must not activate
ok 430 - disjoint product offering maps must not activate
  ---
  duration_ms: 1.9572
  type: 'test'
  ...
# Subtest: a product in labor but absent from material blocks activation
ok 431 - a product in labor but absent from material blocks activation
  ---
  duration_ms: 1.021
  type: 'test'
  ...
# Subtest: a product in material but absent from labor blocks activation
ok 432 - a product in material but absent from labor blocks activation
  ---
  duration_ms: 1.1031
  type: 'test'
  ...
# Subtest: a consistently priced subset still activates after the consistency check
ok 433 - a consistently priced subset still activates after the consistency check
  ---
  duration_ms: 4.3666
  type: 'test'
  ...
# Subtest: offering consistency does not affect services without selectable products
ok 434 - offering consistency does not affect services without selectable products
  ---
  duration_ms: 1.1633
  type: 'test'
  ...
# Subtest: customer payloads are built from an allowlist, not by removing known keys
ok 435 - customer payloads are built from an allowlist, not by removing known keys
  ---
  duration_ms: 3.4458
  type: 'test'
  ...
# Subtest: customer review outcomes never expose owner configuration
ok 436 - customer review outcomes never expose owner configuration
  ---
  duration_ms: 1.9391
  type: 'test'
  ...
# Subtest: owner results retain full diagnostics
ok 437 - owner results retain full diagnostics
  ---
  duration_ms: 10.1935
  type: 'test'
  ...
# Subtest: customer eligibility is enforced before quote generation
ok 438 - customer eligibility is enforced before quote generation
  ---
  duration_ms: 3.8426
  type: 'test'
  ...
# Subtest: a service that is not QUOTING LIVE cannot produce a customer estimate
ok 439 - a service that is not QUOTING LIVE cannot produce a customer estimate
  ---
  duration_ms: 4.7229
  type: 'test'
  ...
# (node:108012) [MODULE_TYPELESS_PACKAGE_JSON] Warning: Module type of file:///C:/Users/money/Documents/Codex/2026-09-27/read-the-audit-check-the-current/work/customer-wording-repairs-20261001/test/phase2Terminology.spec.js is not specified and it doesn't parse as CommonJS.
# Reparsing as ES module because module syntax was detected. This incurs a performance overhead.
# To eliminate this warning, add "type": "module" to C:\\Users\\money\\Documents\\Codex\\2026-09-27\\read-the-audit-check-the-current\\work\\customer-wording-repairs-20261001\\package.json.
# (Use `node --trace-warnings ...` to show where the warning was created)
# Subtest: every owner field has contractor-facing label, explanation, units, and option names
ok 440 - every owner field has contractor-facing label, explanation, units, and option names
  ---
  duration_ms: 41.6768
  type: 'test'
  ...
# Subtest: locked roofing labels and explanations identify the priced work
ok 441 - locked roofing labels and explanations identify the priced work
  ---
  duration_ms: 14.2505
  type: 'test'
  ...
# Subtest: contractor validation messages translate engine paths and unsupported values
ok 442 - contractor validation messages translate engine paths and unsupported values
  ---
  duration_ms: 15.645
  type: 'test'
  ...
# Subtest: contractor UI has no raw identifier fallback paths
ok 443 - contractor UI has no raw identifier fallback paths
  ---
  duration_ms: 17.7119
  type: 'test'
  ...
# Subtest: local telephony preview is explicit, inert, and impossible in production
ok 444 - local telephony preview is explicit, inert, and impossible in production
  ---
  duration_ms: 18.4617
  type: 'test'
  ...
# Subtest: preview endpoints are registered only inside the development guard
ok 445 - preview endpoints are registered only inside the development guard
  ---
  duration_ms: 10.9514
  type: 'test'
  ...
# Subtest: the customer-facing quote preview never renders owner-only line items
ok 446 - the customer-facing quote preview never renders owner-only line items
  ---
  duration_ms: 4.0777
  type: 'test'
  ...
# Subtest: owner-only line items are flagged customerVisible false by the engine
ok 447 - owner-only line items are flagged customerVisible false by the engine
  ---
  duration_ms: 2.4211
  type: 'test'
  ...
# Subtest: the quote preview renders customer-safe priceDrivers, not raw line items
ok 448 - the quote preview renders customer-safe priceDrivers, not raw line items
  ---
  duration_ms: 5.7576
  type: 'test'
  ...
# Subtest: sanitizeForCustomer strips lineItems and exposes only safe fields
ok 449 - sanitizeForCustomer strips lineItems and exposes only safe fields
  ---
  duration_ms: 24.2881
  type: 'test'
  ...
# Subtest: skipped add-ons are distinguished explicitly in the preview
ok 450 - skipped add-ons are distinguished explicitly in the preview
  ---
  duration_ms: 6.7686
  type: 'test'
  ...
# Subtest: --edge is a border token and is never used as a text colour
ok 451 - --edge is a border token and is never used as a text colour
  ---
  duration_ms: 9.5359
  type: 'test'
  ...
# Subtest: a titled field renders exactly one supporting line, not two
ok 452 - a titled field renders exactly one supporting line, not two
  ---
  duration_ms: 2.9547
  type: 'test'
  ...
# Subtest: the price-book sidebar does not share a class with the dashboard rows
ok 453 - the price-book sidebar does not share a class with the dashboard rows
  ---
  duration_ms: 8.9045
  type: 'test'
  ...
# Subtest: button labels are never repainted by container descendant selectors
ok 454 - button labels are never repainted by container descendant selectors
  ---
  duration_ms: 7.2075
  type: 'test'
  ...
# Subtest: draft validation never clears known statuses or reports failure while typing
ok 455 - draft validation never clears known statuses or reports failure while typing
  ---
  duration_ms: 5.4195
  type: 'test'
  ...
# Subtest: each onboarding step renders exactly one heading composition
ok 456 - each onboarding step renders exactly one heading composition
  ---
  duration_ms: 3.0476
  type: 'test'
  ...
# Subtest: the dashboard blocker section is bounded and grouped by service
ok 457 - the dashboard blocker section is bounded and grouped by service
  ---
  duration_ms: 2.7635
  type: 'test'
  ...
# Subtest: the dashboard has a page-level vertical rhythm, not per-card margins
ok 458 - the dashboard has a page-level vertical rhythm, not per-card margins
  ---
  duration_ms: 5.9968
  type: 'test'
  ...
# Subtest: the AI interview never asks for or speaks raw JSON
ok 459 - the AI interview never asks for or speaks raw JSON
  ---
  duration_ms: 5.8764
  type: 'test'
  ...
# Subtest: structured interview answers keep the exact shape validation expects
ok 460 - structured interview answers keep the exact shape validation expects
  ---
  duration_ms: 23.4741
  type: 'test'
  ...
# Subtest: the interview states a truthful question count, not a fixed time
ok 461 - the interview states a truthful question count, not a fixed time
  ---
  duration_ms: 2.8803
  type: 'test'
  ...
# Subtest: resuming an interview restores a partially completed structured answer
ok 462 - resuming an interview restores a partially completed structured answer
  ---
  duration_ms: 7.0136
  type: 'test'
  ...
# Subtest: the onboarding grid columns can shrink below their content width
ok 463 - the onboarding grid columns can shrink below their content width
  ---
  duration_ms: 3.7206
  type: 'test'
  ...
# Subtest: supporting-text selectors match the markup their components actually render
ok 464 - supporting-text selectors match the markup their components actually render
  ---
  duration_ms: 12.6486
  type: 'test'
  ...
# Subtest: active lifecycle grants Operator/provider writes while plan controls QuoteDone
ok 465 - active lifecycle grants Operator/provider writes while plan controls QuoteDone
  ---
  duration_ms: 33.9264
  type: 'test'
  ...
# Subtest: unknown or missing plan/status fails closed
ok 466 - unknown or missing plan/status fails closed
  ---
  duration_ms: 2.0871
  type: 'test'
  ...
# Subtest: trial expiry uses an exclusive exact UTC boundary
ok 467 - trial expiry uses an exclusive exact UTC boundary
  ---
  duration_ms: 8.5247
  type: 'test'
  ...
# Subtest: missing, invalid, non-UTC, and impossible trial end timestamps fail closed
ok 468 - missing, invalid, non-UTC, and impossible trial end timestamps fail closed
  ---
  duration_ms: 1.6444
  type: 'test'
  ...
# Subtest: payment failure keeps full service until, but not at, the seven-day UTC boundary
ok 469 - payment failure keeps full service until, but not at, the seven-day UTC boundary
  ---
  duration_ms: 5.7015
  type: 'test'
  ...
# Subtest: payment failure without a trustworthy failure timestamp fails closed
ok 470 - payment failure without a trustworthy failure timestamp fails closed
  ---
  duration_ms: 6.0662
  type: 'test'
  ...
# Subtest: suspended and cancellation lifecycle states deny all normal/provider access
ok 471 - suspended and cancellation lifecycle states deny all normal/provider access
  ---
  duration_ms: 2.1801
  type: 'test'
  ...
# Subtest: trial voice cap allows minute 59 and sends the next call to fallback at minute 60
ok 472 - trial voice cap allows minute 59 and sends the next call to fallback at minute 60
  ---
  duration_ms: 2.1651
  type: 'test'
  ...
# Subtest: a trial call already in progress finishes after the cap, but the next call cannot start
ok 473 - a trial call already in progress finishes after the cap, but the next call cannot start
  ---
  duration_ms: 2.5395
  type: 'test'
  ...
# Subtest: unavailable or malformed trial usage blocks new calls but never cuts off an existing call
ok 474 - unavailable or malformed trial usage blocks new calls but never cuts off an existing call
  ---
  duration_ms: 11.8084
  type: 'test'
  ...
# Subtest: the trial cap does not limit active paid accounts, while denied lifecycle still blocks voice
ok 475 - the trial cap does not limit active paid accounts, while denied lifecycle still blocks voice
  ---
  duration_ms: 1.6837
  type: 'test'
  ...
# (node:133496) ExperimentalWarning: SQLite is an experimental feature and might change at any time
# (Use `node --trace-warnings ...` to show where the warning was created)
# Subtest: launch persistence tables and indexes migrate idempotently
ok 476 - launch persistence tables and indexes migrate idempotently
  ---
  duration_ms: 65.6052
  type: 'test'
  ...
# Subtest: legacy calls and appointments receive additive launch columns without data loss
ok 477 - legacy calls and appointments receive additive launch columns without data loss
  ---
  duration_ms: 200.5598
  type: 'test'
  ...
# Subtest: billing migration backfills immutable terminal subscription history without inventing deletion evidence
ok 478 - billing migration backfills immutable terminal subscription history without inventing deletion evidence
  ---
  duration_ms: 83.8573
  type: 'test'
  ...
# Subtest: independent script and decompressed cases retain their original exact bytes
ok 479 - independent script and decompressed cases retain their original exact bytes
  ---
  duration_ms: 21.015
  type: 'test'
  ...
# Subtest: original runner still rejects a one-byte fixture change
ok 480 - original runner still rejects a one-byte fixture change
  ---
  duration_ms: 617.4786
  type: 'test'
  ...
# ▲ [WARNING] "import.meta" is not available with the "iife" output format and will be empty [empty-import-meta]
#     client/src/api.js:2:48:
#       2 │ ...t.meta.env?.VITE_API_URL??(import.meta.env?.DEV?'http://localhos...
#         ╵                               ~~~~~~~~~~~
#   You need to set the output format to "esm" for "import.meta" to work correctly.
# Subtest: editor D1: root factor survives no-edit blur save reopen and same-type switches
ok 481 - editor D1: root factor survives no-edit blur save reopen and same-type switches
  ---
  duration_ms: 58287.0479
  type: 'test'
  ...
# Subtest: editor D1: nested factor survives no-edit blur save reopen and same-type switches
ok 482 - editor D1: nested factor survives no-edit blur save reopen and same-type switches
  ---
  duration_ms: 40864.3626
  type: 'test'
  ...
# Subtest: editor D1: flat factor survives no-edit blur save reopen and same-type switches
ok 483 - editor D1: flat factor survives no-edit blur save reopen and same-type switches
  ---
  duration_ms: 22445.5487
  type: 'test'
  ...
# Subtest: editor D1: equal factor survives no-edit blur save reopen and same-type switches
ok 484 - editor D1: equal factor survives no-edit blur save reopen and same-type switches
  ---
  duration_ms: 19898.2637
  type: 'test'
  ...
# Subtest: editor D1: a genuine absent default is displayed without being written by focus or blur
ok 485 - editor D1: a genuine absent default is displayed without being written by focus or blur
  ---
  duration_ms: 12471.2291
  type: 'test'
  ...
# Subtest: editor D2: conflicting minima survive no-edit focus blur preview switches and unrelated edits
ok 486 - editor D2: conflicting minima survive no-edit focus blur preview switches and unrelated edits
  ---
  duration_ms: 15462.8713
  type: 'test'
  ...
# Subtest: editor D2: deliberate 14.02 resolves both minima and only its own AI confirmation
ok 487 - editor D2: deliberate 14.02 resolves both minima and only its own AI confirmation
  ---
  duration_ms: 19663.0927
  type: 'test'
  ...
# Subtest: editor locked rate: 0.0049 types blurs saves and reopens exactly
ok 488 - editor locked rate: 0.0049 types blurs saves and reopens exactly
  ---
  duration_ms: 12652.4581
  type: 'test'
  ...
# Subtest: editor locked rate: 0.0050 types blurs saves and reopens exactly
ok 489 - editor locked rate: 0.0050 types blurs saves and reopens exactly
  ---
  duration_ms: 12795.2959
  type: 'test'
  ...
# Subtest: editor locked rate: 0.0051 types blurs saves and reopens exactly
ok 490 - editor locked rate: 0.0051 types blurs saves and reopens exactly
  ---
  duration_ms: 15473.6139
  type: 'test'
  ...
# Subtest: editor locked invalid text: lossless rejection survives blur same-type switch and save
ok 491 - editor locked invalid text: lossless rejection survives blur same-type switch and save
  ---
  duration_ms: 9144.4767
  type: 'test'
  ...
# Subtest: editor locked maps tiers and explicit enablement stay separate for two same-type records
ok 492 - editor locked maps tiers and explicit enablement stay separate for two same-type records
  ---
  duration_ms: 17830.872
  type: 'test'
  ...
# Subtest: editor D1 direct: reviewer minimal legacy fixture saves root 0.23 without a nested copy
ok 493 - editor D1 direct: reviewer minimal legacy fixture saves root 0.23 without a nested copy
  ---
  duration_ms: 14634.1283
  type: 'test'
  ...
# Subtest: editor D2 direct: deliberately typing the displayed candidate resolves the conflict and revokes affected approval
ok 494 - editor D2 direct: deliberately typing the displayed candidate resolves the conflict and revokes affected approval
  ---
  duration_ms: 10784.1805
  type: 'test'
  ...
# Editor browser evidence: C:\\Users\\money\\Documents\\Codex\\2026-09-27\\read-the-audit-check-the-current\\work\\customer-wording-evidence-20261001\\final-full-editor
# Closing editor browser after all scenarios
# Subtest: editor fixed-cent boundaries: 14.00 14.01 14.02 retain exact cents and adjacent sub-cent entries reject
ok 495 - editor fixed-cent boundaries: 14.00 14.01 14.02 retain exact cents and adjacent sub-cent entries reject
  ---
  duration_ms: 67827.736
  type: 'test'
  ...
# Editor browser closed
# (node:135068) [MODULE_TYPELESS_PACKAGE_JSON] Warning: Module type of file:///C:/Users/money/Documents/Codex/2026-09-27/read-the-audit-check-the-current/work/customer-wording-repairs-20261001/test/priceBookIntegrity.spec.js is not specified and it doesn't parse as CommonJS.
# Reparsing as ES module because module syntax was detected. This incurs a performance overhead.
# To eliminate this warning, add "type": "module" to C:\\Users\\money\\Documents\\Codex\\2026-09-27\\read-the-audit-check-the-current\\work\\customer-wording-repairs-20261001\\package.json.
# (Use `node --trace-warnings ...` to show where the warning was created)
# Subtest: pricebook integrity: fractional unit rates remain distinct through real persistence and frozen candidate base calculation
ok 496 - pricebook integrity: fractional unit rates remain distinct through real persistence and frozen candidate base calculation
  ---
  duration_ms: 6539.9406
  type: 'test'
  ...
# Subtest: pricebook integrity: ordinary rates and an existing whole-cent book survive repeated saves without drift or reinterpretation
ok 497 - pricebook integrity: ordinary rates and an existing whole-cent book survive repeated saves without drift or reinterpretation
  ---
  duration_ms: 3194.2536
  type: 'test'
  ...
# Subtest: pricebook integrity: nested product-rate maps and tier overrides preserve their units keys and source identity
ok 498 - pricebook integrity: nested product-rate maps and tier overrides preserve their units keys and source identity
  ---
  duration_ms: 903.262
  type: 'test'
  ...
# Subtest: pricebook integrity: monetary-looking keys inside factors quantities and retained suggestion metadata never become money
ok 499 - pricebook integrity: monetary-looking keys inside factors quantities and retained suggestion metadata never become money
  ---
  duration_ms: 765.4666
  type: 'test'
  ...
# Subtest: pricebook integrity: unsupported monetary representations are rejected before existing or new files change
ok 500 - pricebook integrity: unsupported monetary representations are rejected before existing or new files change
  ---
  duration_ms: 757.5822
  type: 'test'
  ...
# Subtest: pricebook integrity: absent missing null empty zero and invalid owner values retain their existing distinct meanings
ok 501 - pricebook integrity: absent missing null empty zero and invalid owner values retain their existing distinct meanings
  ---
  duration_ms: 2432.2643
  type: 'test'
  ...
# Subtest: pricebook integrity: explicit disable survives actual saves reloads unrelated edits and owner preview calculation
ok 502 - pricebook integrity: explicit disable survives actual saves reloads unrelated edits and owner preview calculation
  ---
  duration_ms: 2618.056
  type: 'test'
  ...
# Subtest: pricebook integrity: explicit enable succeeds only with complete approved pricing and never changes siblings
ok 503 - pricebook integrity: explicit enable succeeds only with complete approved pricing and never changes siblings
  ---
  duration_ms: 1314.6607
  type: 'test'
  ...
# Subtest: pricebook integrity: AI price edits remain unconfirmed through save and preview until explicit owner reconfirmation
ok 504 - pricebook integrity: AI price edits remain unconfirmed through save and preview until explicit owner reconfirmation
  ---
  duration_ms: 1483.9795
  type: 'test'
  ...
# Subtest: pricebook integrity: owner edits target the original pricing container and retain the rest of the service exactly
ok 505 - pricebook integrity: owner edits target the original pricing container and retain the rest of the service exactly
  ---
  duration_ms: 831.5323
  type: 'test'
  ...
# Subtest: pricebook integrity: unchanged AI scalar or map prices retain approval while actual edits invalidate only the affected field
ok 506 - pricebook integrity: unchanged AI scalar or map prices retain approval while actual edits invalidate only the affected field
  ---
  duration_ms: 4.3567
  type: 'test'
  ...
# Subtest: pricebook integrity: tier price edits clear only their own AI field confirmations and preserve base prices and source identity
ok 507 - pricebook integrity: tier price edits clear only their own AI field confirmations and preserve base prices and source identity
  ---
  duration_ms: 319.0043
  type: 'test'
  ...
# Subtest: pricebook integrity: CUSTOM tier unit changes validate inherited amounts without silently reclassifying or rounding them
ok 508 - pricebook integrity: CUSTOM tier unit changes validate inherited amounts without silently reclassifying or rounding them
  ---
  duration_ms: 672.0078
  type: 'test'
  ...
# Subtest: pricebook integrity: owner numeric text is validated before lossy Number conversion or save submission
ok 509 - pricebook integrity: owner numeric text is validated before lossy Number conversion or save submission
  ---
  duration_ms: 17.9618
  type: 'test'
  ...
# Subtest: pricebook integrity: a changed AI optional price configured only in a tier needs its own renewed confirmation
ok 510 - pricebook integrity: a changed AI optional price configured only in a tier needs its own renewed confirmation
  ---
  duration_ms: 1693.7325
  type: 'test'
  ...
# Subtest: pricebook integrity: equal duplicate containers survive and contradictory prices or factors require an explicit resolving edit
ok 511 - pricebook integrity: equal duplicate containers survive and contradictory prices or factors require an explicit resolving edit
  ---
  duration_ms: 2145.614
  type: 'test'
  ...
# Subtest: pricebook integrity: nested nondefault Class 2 factors survive two saves without creating conflicting root defaults
ok 512 - pricebook integrity: nested nondefault Class 2 factors survive two saves without creating conflicting root defaults
  ---
  duration_ms: 1042.8047
  type: 'test'
  ...
# Subtest: pricebook integrity: two saved CUSTOM services retain separate identities controls approvals and prices when one is edited
ok 513 - pricebook integrity: two saved CUSTOM services retain separate identities controls approvals and prices when one is edited
  ---
  duration_ms: 1139.339
  type: 'test'
  ...
# Subtest: pricebook editor: location-preserving factor reads and edits never migrate root-only nested-only flat or equal copies
ok 514 - pricebook editor: location-preserving factor reads and edits never migrate root-only nested-only flat or equal copies
  ---
  duration_ms: 3.3546
  type: 'test'
  ...
# Subtest: pricebook editor: explicit duplicate resolution compares all copies before retaining an AI approval
ok 515 - pricebook editor: explicit duplicate resolution compares all copies before retaining an AI approval
  ---
  duration_ms: 1.8133
  type: 'test'
  ...
# Subtest: pricebook editor: map equality missing null and explicit zero retain exact value and container presence
ok 516 - pricebook editor: map equality missing null and explicit zero retain exact value and container presence
  ---
  duration_ms: 2.4716
  type: 'test'
  ...
# Subtest: a partial operating-system write failure leaves the previous price book intact
ok 517 - a partial operating-system write failure leaves the previous price book intact
  ---
  duration_ms: 566.7259
  type: 'test'
  ...
# Subtest: a corrected save reloads complete exact values and disabled intent
ok 518 - a corrected save reloads complete exact values and disabled intent
  ---
  duration_ms: 649.9436
  type: 'test'
  ...
# Subtest: a failed replacement preserves the accepted file and removes only its own temporary file
ok 519 - a failed replacement preserves the accepted file and removes only its own temporary file
  ---
  duration_ms: 475.2361
  type: 'test'
  ...
# Subtest: serialization failure cannot disturb existing owner data
ok 520 - serialization failure cannot disturb existing owner data
  ---
  duration_ms: 382.0642
  type: 'test'
  ...
# ▲ [WARNING] "import.meta" is not available with the "iife" output format and will be empty [empty-import-meta]
#     client/src/api.js:2:48:
#       2 │ ...t.meta.env?.VITE_API_URL??(import.meta.env?.DEV?'http://localhos...
#         ╵                               ~~~~~~~~~~~
#   You need to set the output format to "esm" for "import.meta" to work correctly.
# Subtest: late 200 response cannot replace a new service preview
ok 521 - late 200 response cannot replace a new service preview
  ---
  duration_ms: 80522.8789
  type: 'test'
  ...
# Subtest: late 400 response cannot replace a new service preview
ok 522 - late 400 response cannot replace a new service preview
  ---
  duration_ms: 5903.1526
  type: 'test'
  ...
# Subtest: old completion cannot clear current loading and invalid input cannot retain old ready
ok 523 - old completion cannot clear current loading and invalid input cannot retain old ready
  ---
  duration_ms: 6574.3045
  type: 'test'
  ...
# Subtest: invalid replacement rejects an old delayed success and unchanged focus blur does not request again
ok 524 - invalid replacement rejects an old delayed success and unchanged focus blur does not request again
  ---
  duration_ms: 6459.5633
  type: 'test'
  ...
# Subtest: Twilio REST authenticates with API key credentials, never the Auth Token
ok 525 - Twilio REST authenticates with API key credentials, never the Auth Token
  ---
  duration_ms: 18.1948
  type: 'test'
  ...
# Subtest: Auth Token alone cannot authorize a Twilio REST request
ok 526 - Auth Token alone cannot authorize a Twilio REST request
  ---
  duration_ms: 10.9699
  type: 'test'
  ...
# Subtest: Twilio provider failures neither reflect nor log credential-bearing details
ok 527 - Twilio provider failures neither reflect nor log credential-bearing details
  ---
  duration_ms: 10.0923
  type: 'test'
  ...
# Subtest: .env.example lists runtime/provider keys without sample secrets
ok 528 - .env.example lists runtime/provider keys without sample secrets
  ---
  duration_ms: 37.7985
  type: 'test'
  ...
# Subtest: every estimate requires a syntactically usable email or telephone
ok 529 - every estimate requires a syntactically usable email or telephone
  ---
  duration_ms: 9.6708
  type: 'test'
  ...
# Subtest: wire decimals: reject replacement before save, without imposing binary exactness or price caps
ok 530 - wire decimals: reject replacement before save, without imposing binary exactness or price caps
  ---
  duration_ms: 122.5788
  type: 'test'
  ...
# Subtest: JSON strings, escaped keys, objects and arrays are tokenized without interpreting numbers inside text
ok 531 - JSON strings, escaped keys, objects and arrays are tokenized without interpreting numbers inside text
  ---
  duration_ms: 3.7985
  type: 'test'
  ...
# Subtest: the whole-request gate never classifies untriaged prose as harmless
ok 532 - the whole-request gate never classifies untriaged prose as harmless
  ---
  duration_ms: 8.4499
  type: 'test'
  ...
# Subtest: an optional malformed callback channel identifies the editable field
ok 533 - an optional malformed callback channel identifies the editable field
  ---
  duration_ms: 2.9334
  type: 'test'
  ...
# Subtest: definitive rejection can be corrected; unknown acceptance keeps the immutable request
ok 534 - definitive rejection can be corrected; unknown acceptance keeps the immutable request
  ---
  duration_ms: 37.4281
  type: 'test'
  ...
# Subtest: accepted metadata names do not admit unsupported nested scope or alternate callback prose
ok 535 - accepted metadata names do not admit unsupported nested scope or alternate callback prose
  ---
  duration_ms: 12.6615
  type: 'test'
  ...
# Subtest: the pricing envelope excludes name and location while tolerating unambiguously empty legacy containers
ok 536 - the pricing envelope excludes name and location while tolerating unambiguously empty legacy containers
  ---
  duration_ms: 9.1665
  type: 'test'
  ...
# Subtest: server confirmation binds the complete request, tenant and approved book revision
ok 537 - server confirmation binds the complete request, tenant and approved book revision
  ---
  duration_ms: 10.662
  type: 'test'
  ...
# (node:131568) [MODULE_TYPELESS_PACKAGE_JSON] Warning: Module type of file:///C:/Users/money/Documents/Codex/2026-09-27/read-the-audit-check-the-current/work/customer-wording-repairs-20261001/test/quoteEngine.spec.js is not specified and it doesn't parse as CommonJS.
# Reparsing as ES module because module syntax was detected. This incurs a performance overhead.
# To eliminate this warning, add "type": "module" to C:\\Users\\money\\Documents\\Codex\\2026-09-27\\read-the-audit-check-the-current\\work\\customer-wording-repairs-20261001\\package.json.
# (Use `node --trace-warnings ...` to show where the warning was created)
# Subtest: build guide Test 1 roofing replacement
ok 538 - build guide Test 1 roofing replacement
  ---
  duration_ms: 33.2629
  type: 'test'
  ...
# Subtest: roofing repair
ok 539 - roofing repair
  ---
  duration_ms: 5.4463
  type: 'test'
  ...
# Subtest: flat roof replacement
ok 540 - flat roof replacement
  ---
  duration_ms: 3.8005
  type: 'test'
  ...
# Subtest: flat roof repair
ok 541 - flat roof repair
  ---
  duration_ms: 2.2152
  type: 'test'
  ...
# Subtest: interior painting
ok 542 - interior painting
  ---
  duration_ms: 1.5633
  type: 'test'
  ...
# Subtest: exterior painting
ok 543 - exterior painting
  ---
  duration_ms: 1.0344
  type: 'test'
  ...
# Subtest: flooring install
ok 544 - flooring install
  ---
  duration_ms: 1.4787
  type: 'test'
  ...
# Subtest: flooring replacement
ok 545 - flooring replacement
  ---
  duration_ms: 2.4995
  type: 'test'
  ...
# Subtest: fencing install
ok 546 - fencing install
  ---
  duration_ms: 6.2596
  type: 'test'
  ...
# Subtest: fencing replacement
ok 547 - fencing replacement
  ---
  duration_ms: 3.296
  type: 'test'
  ...
# Subtest: build guide Test 2 concrete driveway
ok 548 - build guide Test 2 concrete driveway
  ---
  duration_ms: 8.4817
  type: 'test'
  ...
# Subtest: concrete patio slab
ok 549 - concrete patio slab
  ---
  duration_ms: 1.4767
  type: 'test'
  ...
# Subtest: landscaping cleanup
ok 550 - landscaping cleanup
  ---
  duration_ms: 1.1625
  type: 'test'
  ...
# Subtest: landscaping mulch
ok 551 - landscaping mulch
  ---
  duration_ms: 0.7473
  type: 'test'
  ...
# Subtest: landscaping sod
ok 552 - landscaping sod
  ---
  duration_ms: 0.6668
  type: 'test'
  ...
# Subtest: landscaping planting
ok 553 - landscaping planting
  ---
  duration_ms: 0.5953
  type: 'test'
  ...
# Subtest: landscaping mowing
ok 554 - landscaping mowing
  ---
  duration_ms: 0.8304
  type: 'test'
  ...
# Subtest: siding replacement
ok 555 - siding replacement
  ---
  duration_ms: 0.6463
  type: 'test'
  ...
# Subtest: siding repair
ok 556 - siding repair
  ---
  duration_ms: 0.794
  type: 'test'
  ...
# Subtest: custom flat service
ok 557 - custom flat service
  ---
  duration_ms: 0.6172
  type: 'test'
  ...
# Subtest: minimum fields must be present, but zero means no minimum
ok 558 - minimum fields must be present, but zero means no minimum
  ---
  duration_ms: 4.9334
  type: 'test'
  ...
# Subtest: cleanup disposal flat is not multiplied by 100
ok 559 - cleanup disposal flat is not multiplied by 100
  ---
  duration_ms: 1.3768
  type: 'test'
  ...
# Subtest: per-service minimums are enforced
ok 560 - per-service minimums are enforced
  ---
  duration_ms: 2.1241
  type: 'test'
  ...
# Subtest: interior painting sqft path with trim has no NaN line items
ok 561 - interior painting sqft path with trim has no NaN line items
  ---
  duration_ms: 1.4284
  type: 'test'
  ...
# Subtest: TAX_ALL applies minimum pre-tax
ok 562 - TAX_ALL applies minimum pre-tax
  ---
  duration_ms: 1.0862
  type: 'test'
  ...
# Subtest: TAX_MATERIALS taxes the marked-up material base
ok 563 - TAX_MATERIALS taxes the marked-up material base
  ---
  duration_ms: 0.9388
  type: 'test'
  ...
# Subtest: TAX_NONE produces no tax line
ok 564 - TAX_NONE produces no tax line
  ---
  duration_ms: 1.1027
  type: 'test'
  ...
# Subtest: every formula price field appears in its required owner field list
ok 565 - every formula price field appears in its required owner field list
  ---
  duration_ms: 2.5572
  type: 'test'
  ...
# Subtest: tier overrides change only overridden fields
ok 566 - tier overrides change only overridden fields
  ---
  duration_ms: 6.7624
  type: 'test'
  ...
# (node:118384) [MODULE_TYPELESS_PACKAGE_JSON] Warning: Module type of file:///C:/Users/money/Documents/Codex/2026-09-27/read-the-audit-check-the-current/work/customer-wording-repairs-20261001/test/quoteEngineVNext.spec.js is not specified and it doesn't parse as CommonJS.
# Reparsing as ES module because module syntax was detected. This incurs a performance overhead.
# To eliminate this warning, add "type": "module" to C:\\Users\\money\\Documents\\Codex\\2026-09-27\\read-the-audit-check-the-current\\work\\customer-wording-repairs-20261001\\package.json.
# (Use `node --trace-warnings ...` to show where the warning was created)
# Subtest: vNext hand calculation: roof replacement uses measured itemized accessory lengths
ok 567 - vNext hand calculation: roof replacement uses measured itemized accessory lengths
  ---
  duration_ms: 172.0169
  type: 'test'
  ...
# Subtest: vNext hand calculation: roof repair maps the canonical medium size exactly
ok 568 - vNext hand calculation: roof repair maps the canonical medium size exactly
  ---
  duration_ms: 35.7796
  type: 'test'
  ...
# Subtest: vNext hand calculation: flat roof replacement uses measured area and layer count
ok 569 - vNext hand calculation: flat roof replacement uses measured area and layer count
  ---
  duration_ms: 34.4446
  type: 'test'
  ...
# Subtest: vNext hand calculation: flat roof repair consumes the selected nested size price
ok 570 - vNext hand calculation: flat roof repair consumes the selected nested size price
  ---
  duration_ms: 34.9992
  type: 'test'
  ...
# Subtest: vNext hand calculation: interior painting uses measured trim length
ok 571 - vNext hand calculation: interior painting uses measured trim length
  ---
  duration_ms: 30.3437
  type: 'test'
  ...
# Subtest: vNext fail-closed contract: exterior painting records measured fair-condition preparation
ok 572 - vNext fail-closed contract: exterior painting records measured fair-condition preparation
  ---
  duration_ms: 8.6654
  type: 'test'
  ...
# Subtest: vNext hand calculation: flooring installation uses measured area and explicit vinyl rule
ok 573 - vNext hand calculation: flooring installation uses measured area and explicit vinyl rule
  ---
  duration_ms: 31.1278
  type: 'test'
  ...
# Subtest: vNext hand calculation: flooring replacement prices measured removal and subfloor scope
ok 574 - vNext hand calculation: flooring replacement prices measured removal and subfloor scope
  ---
  duration_ms: 29.7182
  type: 'test'
  ...
# Subtest: vNext fail-closed contract: fencing installation defers the mixed concrete-and-digging allocation
ok 575 - vNext fail-closed contract: fencing installation defers the mixed concrete-and-digging allocation
  ---
  duration_ms: 15.5109
  type: 'test'
  ...
# Subtest: vNext fail-closed contract: fencing replacement defers the mixed concrete-and-digging allocation
ok 576 - vNext fail-closed contract: fencing replacement defers the mixed concrete-and-digging allocation
  ---
  duration_ms: 12.8795
  type: 'test'
  ...
# Subtest: vNext hand calculation: concrete driveway uses measured dimensions and correct waste addition
ok 577 - vNext hand calculation: concrete driveway uses measured dimensions and correct waste addition
  ---
  duration_ms: 27.7024
  type: 'test'
  ...
# Subtest: vNext hand calculation: concrete patio uses measured rectangular perimeter
ok 578 - vNext hand calculation: concrete patio uses measured rectangular perimeter
  ---
  duration_ms: 26.7458
  type: 'test'
  ...
# Subtest: vNext hand calculation: cleanup disposal remains integer cents with explicit debris pricing
ok 579 - vNext hand calculation: cleanup disposal remains integer cents with explicit debris pricing
  ---
  duration_ms: 16.8377
  type: 'test'
  ...
# Subtest: vNext hand calculation: mulch bed preparation uses direct condition pricing without hidden multiplier
ok 580 - vNext hand calculation: mulch bed preparation uses direct condition pricing without hidden multiplier
  ---
  duration_ms: 18.9428
  type: 'test'
  ...
# Subtest: vNext hand calculation: sod installation uses measured area
ok 581 - vNext hand calculation: sod installation uses measured area
  ---
  duration_ms: 20.3594
  type: 'test'
  ...
# Subtest: vNext hand calculation: planting prices each measured plant-size count
ok 582 - vNext hand calculation: planting prices each measured plant-size count
  ---
  duration_ms: 27.211
  type: 'test'
  ...
# Subtest: vNext hand calculation: mowing uses measured lawn and edging lengths
ok 583 - vNext hand calculation: mowing uses measured lawn and edging lengths
  ---
  duration_ms: 27.9739
  type: 'test'
  ...
# Subtest: vNext fail-closed contract: siding replacement uses measured wall and trim lengths
ok 584 - vNext fail-closed contract: siding replacement uses measured wall and trim lengths
  ---
  duration_ms: 16.3888
  type: 'test'
  ...
# Subtest: vNext hand calculation: siding repair consumes material-type and damage-specific rates
ok 585 - vNext hand calculation: siding repair consumes material-type and damage-specific rates
  ---
  duration_ms: 23.9151
  type: 'test'
  ...
# Subtest: vNext fail-closed contract: custom fixed hourly service honors exact configured unit
ok 586 - vNext fail-closed contract: custom fixed hourly service honors exact configured unit
  ---
  duration_ms: 10.558
  type: 'test'
  ...
# Subtest: vNext negative control: ROOFING_REPLACEMENT rejects malformed roofSizeInput
ok 587 - vNext negative control: ROOFING_REPLACEMENT rejects malformed roofSizeInput
  ---
  duration_ms: 14.5955
  type: 'test'
  ...
# Subtest: vNext negative control: ROOFING_REPAIR rejects malformed affectedArea
ok 588 - vNext negative control: ROOFING_REPAIR rejects malformed affectedArea
  ---
  duration_ms: 7.5537
  type: 'test'
  ...
# Subtest: vNext negative control: FLAT_ROOF_REPLACEMENT rejects malformed existingLayers
ok 589 - vNext negative control: FLAT_ROOF_REPLACEMENT rejects malformed existingLayers
  ---
  duration_ms: 11.1431
  type: 'test'
  ...
# Subtest: vNext negative control: FLAT_ROOF_REPAIR rejects malformed membraneType
ok 590 - vNext negative control: FLAT_ROOF_REPAIR rejects malformed membraneType
  ---
  duration_ms: 11.0054
  type: 'test'
  ...
# Subtest: vNext negative control: INTERIOR_PAINTING rejects malformed coats
ok 591 - vNext negative control: INTERIOR_PAINTING rejects malformed coats
  ---
  duration_ms: 5.8618
  type: 'test'
  ...
# Subtest: vNext negative control: EXTERIOR_PAINTING rejects malformed exteriorAreaSqft
ok 592 - vNext negative control: EXTERIOR_PAINTING rejects malformed exteriorAreaSqft
  ---
  duration_ms: 9.2118
  type: 'test'
  ...
# Subtest: vNext negative control: FLOORING_INSTALL rejects malformed sqft
ok 593 - vNext negative control: FLOORING_INSTALL rejects malformed sqft
  ---
  duration_ms: 7.6124
  type: 'test'
  ...
# Subtest: vNext negative control: FLOORING_REPLACEMENT rejects malformed subfloorRepairAreaSqft
ok 594 - vNext negative control: FLOORING_REPLACEMENT rejects malformed subfloorRepairAreaSqft
  ---
  duration_ms: 10.2852
  type: 'test'
  ...
# Subtest: vNext negative control: FENCING_INSTALL rejects malformed gateWidthTotalLF
ok 595 - vNext negative control: FENCING_INSTALL rejects malformed gateWidthTotalLF
  ---
  duration_ms: 6.0628
  type: 'test'
  ...
# Subtest: vNext negative control: FENCING_REPLACEMENT rejects malformed cornerCount
ok 596 - vNext negative control: FENCING_REPLACEMENT rejects malformed cornerCount
  ---
  duration_ms: 11.6929
  type: 'test'
  ...
# Subtest: vNext negative control: CONCRETE_DRIVEWAY rejects malformed thickness
ok 597 - vNext negative control: CONCRETE_DRIVEWAY rejects malformed thickness
  ---
  duration_ms: 6.7225
  type: 'test'
  ...
# Subtest: vNext negative control: CONCRETE_PATIO_SLAB rejects malformed reinforcement
ok 598 - vNext negative control: CONCRETE_PATIO_SLAB rejects malformed reinforcement
  ---
  duration_ms: 8.5735
  type: 'test'
  ...
# Subtest: vNext negative control: LANDSCAPING_CLEANUP rejects malformed debrisLevel
ok 599 - vNext negative control: LANDSCAPING_CLEANUP rejects malformed debrisLevel
  ---
  duration_ms: 5.9834
  type: 'test'
  ...
# Subtest: vNext negative control: LANDSCAPING_MULCH rejects malformed mulchDepth
ok 600 - vNext negative control: LANDSCAPING_MULCH rejects malformed mulchDepth
  ---
  duration_ms: 12.2285
  type: 'test'
  ...
# Subtest: vNext negative control: LANDSCAPING_SOD rejects malformed sodSqft
ok 601 - vNext negative control: LANDSCAPING_SOD rejects malformed sodSqft
  ---
  duration_ms: 5.6505
  type: 'test'
  ...
# Subtest: vNext negative control: LANDSCAPING_PLANTING rejects malformed plantsBySize
ok 602 - vNext negative control: LANDSCAPING_PLANTING rejects malformed plantsBySize
  ---
  duration_ms: 9.0959
  type: 'test'
  ...
# Subtest: vNext negative control: LANDSCAPING_MOWING rejects malformed serviceFrequency
ok 603 - vNext negative control: LANDSCAPING_MOWING rejects malformed serviceFrequency
  ---
  duration_ms: 4.8033
  type: 'test'
  ...
# Subtest: vNext negative control: SIDING_REPLACEMENT rejects malformed stories
ok 604 - vNext negative control: SIDING_REPLACEMENT rejects malformed stories
  ---
  duration_ms: 5.2643
  type: 'test'
  ...
# Subtest: vNext negative control: SIDING_REPAIR rejects malformed affectedArea
ok 605 - vNext negative control: SIDING_REPAIR rejects malformed affectedArea
  ---
  duration_ms: 8.9233
  type: 'test'
  ...
# Subtest: vNext negative control: CUSTOM rejects malformed hours
ok 606 - vNext negative control: CUSTOM rejects malformed hours
  ---
  duration_ms: 6.3325
  type: 'test'
  ...
# Subtest: vNext sufficiency contract: ROOFING_REPLACEMENT requires starterLengthLF
ok 607 - vNext sufficiency contract: ROOFING_REPLACEMENT requires starterLengthLF
  ---
  duration_ms: 10.5605
  type: 'test'
  ...
# Subtest: vNext sufficiency contract: ROOFING_REPAIR requires affectedArea
ok 608 - vNext sufficiency contract: ROOFING_REPAIR requires affectedArea
  ---
  duration_ms: 11.7462
  type: 'test'
  ...
# Subtest: vNext sufficiency contract: FLAT_ROOF_REPLACEMENT requires roofSqft
ok 609 - vNext sufficiency contract: FLAT_ROOF_REPLACEMENT requires roofSqft
  ---
  duration_ms: 7.3334
  type: 'test'
  ...
# Subtest: vNext sufficiency contract: FLAT_ROOF_REPAIR requires affectedArea
ok 610 - vNext sufficiency contract: FLAT_ROOF_REPAIR requires affectedArea
  ---
  duration_ms: 11.0154
  type: 'test'
  ...
# Subtest: vNext sufficiency contract: INTERIOR_PAINTING requires trimLengthLF
ok 611 - vNext sufficiency contract: INTERIOR_PAINTING requires trimLengthLF
  ---
  duration_ms: 5.1008
  type: 'test'
  ...
# Subtest: vNext sufficiency contract: EXTERIOR_PAINTING requires exteriorAreaSqft
ok 612 - vNext sufficiency contract: EXTERIOR_PAINTING requires exteriorAreaSqft
  ---
  duration_ms: 8.6078
  type: 'test'
  ...
# Subtest: vNext sufficiency contract: FLOORING_INSTALL requires sqft
ok 613 - vNext sufficiency contract: FLOORING_INSTALL requires sqft
  ---
  duration_ms: 7.245
  type: 'test'
  ...
# Subtest: vNext sufficiency contract: FLOORING_REPLACEMENT requires subfloorRepairAreaSqft
ok 614 - vNext sufficiency contract: FLOORING_REPLACEMENT requires subfloorRepairAreaSqft
  ---
  duration_ms: 9.585
  type: 'test'
  ...
# Subtest: vNext sufficiency contract: FENCING_INSTALL requires gateWidthTotalLF
ok 615 - vNext sufficiency contract: FENCING_INSTALL requires gateWidthTotalLF
  ---
  duration_ms: 5.618
  type: 'test'
  ...
# Subtest: vNext sufficiency contract: FENCING_REPLACEMENT requires linearFeet
ok 616 - vNext sufficiency contract: FENCING_REPLACEMENT requires linearFeet
  ---
  duration_ms: 8.5756
  type: 'test'
  ...
# Subtest: vNext sufficiency contract: CONCRETE_DRIVEWAY requires width
ok 617 - vNext sufficiency contract: CONCRETE_DRIVEWAY requires width
  ---
  duration_ms: 6.0868
  type: 'test'
  ...
# Subtest: vNext sufficiency contract: CONCRETE_PATIO_SLAB requires length
ok 618 - vNext sufficiency contract: CONCRETE_PATIO_SLAB requires length
  ---
  duration_ms: 5.2893
  type: 'test'
  ...
# Subtest: vNext sufficiency contract: LANDSCAPING_CLEANUP requires yardSqft
ok 619 - vNext sufficiency contract: LANDSCAPING_CLEANUP requires yardSqft
  ---
  duration_ms: 8.5758
  type: 'test'
  ...
# Subtest: vNext sufficiency contract: LANDSCAPING_MULCH requires edgeLF
ok 620 - vNext sufficiency contract: LANDSCAPING_MULCH requires edgeLF
  ---
  duration_ms: 4.9477
  type: 'test'
  ...
# Subtest: vNext sufficiency contract: LANDSCAPING_SOD requires sodSqft
ok 621 - vNext sufficiency contract: LANDSCAPING_SOD requires sodSqft
  ---
  duration_ms: 4.63
  type: 'test'
  ...
# Subtest: vNext sufficiency contract: LANDSCAPING_PLANTING requires plantsBySize
ok 622 - vNext sufficiency contract: LANDSCAPING_PLANTING requires plantsBySize
  ---
  duration_ms: 8.2653
  type: 'test'
  ...
# Subtest: vNext sufficiency contract: LANDSCAPING_MOWING requires edgingLengthLF
ok 623 - vNext sufficiency contract: LANDSCAPING_MOWING requires edgingLengthLF
  ---
  duration_ms: 5.8844
  type: 'test'
  ...
# Subtest: vNext sufficiency contract: SIDING_REPLACEMENT requires trimLengthLF
ok 624 - vNext sufficiency contract: SIDING_REPLACEMENT requires trimLengthLF
  ---
  duration_ms: 9.4336
  type: 'test'
  ...
# Subtest: vNext sufficiency contract: SIDING_REPAIR requires affectedArea
ok 625 - vNext sufficiency contract: SIDING_REPAIR requires affectedArea
  ---
  duration_ms: 6.283
  type: 'test'
  ...
# Subtest: vNext sufficiency contract: CUSTOM requires hours
ok 626 - vNext sufficiency contract: CUSTOM requires hours
  ---
  duration_ms: 8.5581
  type: 'test'
  ...
# Subtest: every built-in service has a documented measurement-sufficiency contract
ok 627 - every built-in service has a documented measurement-sufficiency contract
  ---
  duration_ms: 2.4731
  type: 'test'
  ...
# Subtest: area and perimeter shortcuts are inspection-first, never customer-ready
ok 628 - area and perimeter shortcuts are inspection-first, never customer-ready
  ---
  duration_ms: 23.0674
  type: 'test'
  ...
# Subtest: itemized roofing has no square-root geometry and uses each measured length independently
ok 629 - itemized roofing has no square-root geometry and uses each measured length independently
  ---
  duration_ms: 32.996
  type: 'test'
  ...
# Subtest: selected mandatory scope distinguishes missing prices from intentionally free prices
ok 630 - selected mandatory scope distinguishes missing prices from intentionally free prices
  ---
  duration_ms: 220.9112
  type: 'test'
  ...
# Subtest: caller-selected repair sizes are rejected instead of overriding measured affected area
ok 631 - caller-selected repair sizes are rejected instead of overriding measured affected area
  ---
  duration_ms: 28.869
  type: 'test'
  ...
# Subtest: partial flat-roof calculations require valid measured partial scope
ok 632 - partial flat-roof calculations require valid measured partial scope
  ---
  duration_ms: 33.8348
  type: 'test'
  ...
# Subtest: custom units are validated, but public quoting waits for an approved charge classification
ok 633 - custom units are validated, but public quoting waits for an approved charge classification
  ---
  duration_ms: 14.8552
  type: 'test'
  ...
# Subtest: mulch prep has no hidden half-rate branch
ok 634 - mulch prep has no hidden half-rate branch
  ---
  duration_ms: 16.2665
  type: 'test'
  ...
# Subtest: vinyl-plank underlayment follows every explicit owner rule
ok 635 - vinyl-plank underlayment follows every explicit owner rule
  ---
  duration_ms: 101.4474
  type: 'test'
  ...
# Subtest: per-service taxability changes taxable subtotal and is preserved in the record
ok 636 - per-service taxability changes taxable subtotal and is preserved in the record
  ---
  duration_ms: 36.6383
  type: 'test'
  ...
# Subtest: sell-price categories are never marked up twice
ok 637 - sell-price categories are never marked up twice
  ---
  duration_ms: 36.0702
  type: 'test'
  ...
# Subtest: minimum is pre-tax and every displayed range stays above the customer minimum floor
ok 638 - minimum is pre-tax and every displayed range stays above the customer minimum floor
  ---
  duration_ms: 17.2211
  type: 'test'
  ...
# Subtest: common fees obey service rules and per-quantity disposal cannot be charged twice
ok 639 - common fees obey service rules and per-quantity disposal cannot be charged twice
  ---
  duration_ms: 30.0635
  type: 'test'
  ...
# Subtest: preview and live price-book paths use identical validation and calculation
ok 640 - preview and live price-book paths use identical validation and calculation
  ---
  duration_ms: 883.1752
  type: 'test'
  ...
# Subtest: inactive and AI-unconfirmed services cannot produce customer-ready quotes
ok 641 - inactive and AI-unconfirmed services cannot produce customer-ready quotes
  ---
  duration_ms: 25.0767
  type: 'test'
  ...
# Subtest: customer payload remains strictly allowlisted while owner record remains complete
ok 642 - customer payload remains strictly allowlisted while owner record remains complete
  ---
  duration_ms: 148.0202
  type: 'test'
  ...
# Subtest: unpriced optional extras disclose exclusions without omitting the original request
ok 643 - unpriced optional extras disclose exclusions without omitting the original request
  ---
  duration_ms: 133.3161
  type: 'test'
  ...
# Subtest: every tier validates effective pricing and only its explicit override changes
ok 644 - every tier validates effective pricing and only its explicit override changes
  ---
  duration_ms: 47.5148
  type: 'test'
  ...
# Subtest: no valid service calculation emits NaN, Infinity, undefined money, or omitted mandatory lines
ok 645 - no valid service calculation emits NaN, Infinity, undefined money, or omitted mandatory lines
  ---
  duration_ms: 483.5724
  type: 'test'
  ...
# Subtest: price-book metadata exposes readable controls for every candidate factor and rule
ok 646 - price-book metadata exposes readable controls for every candidate factor and rule
  ---
  duration_ms: 141.5923
  type: 'test'
  ...
# Subtest: candidate price-book validation rejects incomplete rules and invalid defaults
ok 647 - candidate price-book validation rejects incomplete rules and invalid defaults
  ---
  duration_ms: 78.4539
  type: 'test'
  ...
# Subtest: business-wide defaults fail closed across markup, tax, fees, minimums, ranges, and seasonal settings
ok 648 - business-wide defaults fail closed across markup, tax, fees, minimums, ranges, and seasonal settings
  ---
  duration_ms: 8.8118
  type: 'test'
  ...
# Subtest: the isolated candidate is not imported by the production server
ok 649 - the isolated candidate is not imported by the production server
  ---
  duration_ms: 3.7827
  type: 'test'
  ...
# Subtest: precision follow-up: all-service catalog covers every registered ready or review path and public entry point
ok 650 - precision follow-up: all-service catalog covers every registered ready or review path and public entry point
  ---
  duration_ms: 4209.2338
  type: 'test'
  ...
# Subtest: precision follow-up: ROOFING_REPLACEMENT independent finance matrix fees tiers minima and range boundaries
ok 651 - precision follow-up: ROOFING_REPLACEMENT independent finance matrix fees tiers minima and range boundaries
  ---
  duration_ms: 10405.7356
  type: 'test'
  ...
# {"serviceType":"ROOFING_REPLACEMENT","independentReadyChecks":95,"reviewControls":7}
# Subtest: precision follow-up: ROOFING_REPAIR independent finance matrix fees tiers minima and range boundaries
ok 652 - precision follow-up: ROOFING_REPAIR independent finance matrix fees tiers minima and range boundaries
  ---
  duration_ms: 7682.9805
  type: 'test'
  ...
# {"serviceType":"ROOFING_REPAIR","independentReadyChecks":95,"reviewControls":7}
# Subtest: precision follow-up: FLAT_ROOF_REPLACEMENT independent finance matrix fees tiers minima and range boundaries
ok 653 - precision follow-up: FLAT_ROOF_REPLACEMENT independent finance matrix fees tiers minima and range boundaries
  ---
  duration_ms: 8211.6496
  type: 'test'
  ...
# {"serviceType":"FLAT_ROOF_REPLACEMENT","independentReadyChecks":95,"reviewControls":7}
# Subtest: precision follow-up: FLAT_ROOF_REPAIR independent finance matrix fees tiers minima and range boundaries
ok 654 - precision follow-up: FLAT_ROOF_REPAIR independent finance matrix fees tiers minima and range boundaries
  ---
  duration_ms: 5014.1956
  type: 'test'
  ...
# {"serviceType":"FLAT_ROOF_REPAIR","independentReadyChecks":95,"reviewControls":7}
# Subtest: precision follow-up: INTERIOR_PAINTING independent finance matrix fees tiers minima and range boundaries
ok 655 - precision follow-up: INTERIOR_PAINTING independent finance matrix fees tiers minima and range boundaries
  ---
  duration_ms: 6537.1348
  type: 'test'
  ...
# {"serviceType":"INTERIOR_PAINTING","independentReadyChecks":95,"reviewControls":7}
# Subtest: precision follow-up: FLOORING_INSTALL independent finance matrix fees tiers minima and range boundaries
ok 656 - precision follow-up: FLOORING_INSTALL independent finance matrix fees tiers minima and range boundaries
  ---
  duration_ms: 5987.2682
  type: 'test'
  ...
# {"serviceType":"FLOORING_INSTALL","independentReadyChecks":95,"reviewControls":7}
# Subtest: precision follow-up: FLOORING_REPLACEMENT independent finance matrix fees tiers minima and range boundaries
ok 657 - precision follow-up: FLOORING_REPLACEMENT independent finance matrix fees tiers minima and range boundaries
  ---
  duration_ms: 7658.7392
  type: 'test'
  ...
# {"serviceType":"FLOORING_REPLACEMENT","independentReadyChecks":95,"reviewControls":7}
# Subtest: precision follow-up: CONCRETE_DRIVEWAY independent finance matrix fees tiers minima and range boundaries
ok 658 - precision follow-up: CONCRETE_DRIVEWAY independent finance matrix fees tiers minima and range boundaries
  ---
  duration_ms: 9100.258
  type: 'test'
  ...
# {"serviceType":"CONCRETE_DRIVEWAY","independentReadyChecks":95,"reviewControls":7}
# Subtest: precision follow-up: CONCRETE_PATIO_SLAB independent finance matrix fees tiers minima and range boundaries
ok 659 - precision follow-up: CONCRETE_PATIO_SLAB independent finance matrix fees tiers minima and range boundaries
  ---
  duration_ms: 7154.1207
  type: 'test'
  ...
# {"serviceType":"CONCRETE_PATIO_SLAB","independentReadyChecks":95,"reviewControls":7}
# Subtest: precision follow-up: LANDSCAPING_CLEANUP independent finance matrix fees tiers minima and range boundaries
ok 660 - precision follow-up: LANDSCAPING_CLEANUP independent finance matrix fees tiers minima and range boundaries
  ---
  duration_ms: 5618.5428
  type: 'test'
  ...
# {"serviceType":"LANDSCAPING_CLEANUP","independentReadyChecks":95,"reviewControls":7}
# Subtest: precision follow-up: LANDSCAPING_MULCH independent finance matrix fees tiers minima and range boundaries
ok 661 - precision follow-up: LANDSCAPING_MULCH independent finance matrix fees tiers minima and range boundaries
  ---
  duration_ms: 6604.3776
  type: 'test'
  ...
# {"serviceType":"LANDSCAPING_MULCH","independentReadyChecks":95,"reviewControls":7}
# Subtest: precision follow-up: LANDSCAPING_SOD independent finance matrix fees tiers minima and range boundaries
ok 662 - precision follow-up: LANDSCAPING_SOD independent finance matrix fees tiers minima and range boundaries
  ---
  duration_ms: 6364.2322
  type: 'test'
  ...
# {"serviceType":"LANDSCAPING_SOD","independentReadyChecks":95,"reviewControls":7}
# Subtest: precision follow-up: LANDSCAPING_PLANTING independent finance matrix fees tiers minima and range boundaries
ok 663 - precision follow-up: LANDSCAPING_PLANTING independent finance matrix fees tiers minima and range boundaries
  ---
  duration_ms: 7750.2707
  type: 'test'
  ...
# {"serviceType":"LANDSCAPING_PLANTING","independentReadyChecks":95,"reviewControls":7}
# Subtest: precision follow-up: LANDSCAPING_MOWING independent finance matrix fees tiers minima and range boundaries
ok 664 - precision follow-up: LANDSCAPING_MOWING independent finance matrix fees tiers minima and range boundaries
  ---
  duration_ms: 5050.8329
  type: 'test'
  ...
# {"serviceType":"LANDSCAPING_MOWING","independentReadyChecks":95,"reviewControls":7}
# Subtest: precision follow-up: SIDING_REPLACEMENT independent finance matrix fees tiers minima and range boundaries
ok 665 - precision follow-up: SIDING_REPLACEMENT independent finance matrix fees tiers minima and range boundaries
  ---
  duration_ms: 4936.3913
  type: 'test'
  ...
# {"serviceType":"SIDING_REPLACEMENT","independentReadyChecks":95,"reviewControls":7}
# Subtest: precision follow-up: SIDING_REPAIR independent finance matrix fees tiers minima and range boundaries
ok 666 - precision follow-up: SIDING_REPAIR independent finance matrix fees tiers minima and range boundaries
  ---
  duration_ms: 5730.8127
  type: 'test'
  ...
# {"serviceType":"SIDING_REPAIR","independentReadyChecks":95,"reviewControls":7}
# (node:134664) [MODULE_TYPELESS_PACKAGE_JSON] Warning: Module type of file:///C:/Users/money/Documents/Codex/2026-09-27/read-the-audit-check-the-current/work/customer-wording-repairs-20261001/test/quoteEngineVNextAdversarial.spec.js is not specified and it doesn't parse as CommonJS.
# Reparsing as ES module because module syntax was detected. This incurs a performance overhead.
# To eliminate this warning, add "type": "module" to C:\\Users\\money\\Documents\\Codex\\2026-09-27\\read-the-audit-check-the-current\\work\\customer-wording-repairs-20261001\\package.json.
# (Use `node --trace-warnings ...` to show where the warning was created)
# Subtest: activation validates every configured offering, not only the first map key
ok 667 - activation validates every configured offering, not only the first map key
  ---
  duration_ms: 141.0168
  type: 'test'
  ...
# Subtest: quote-time requests for an unconfigured offering require review
ok 668 - quote-time requests for an unconfigured offering require review
  ---
  duration_ms: 24.0223
  type: 'test'
  ...
# Subtest: flat-roof activation requires both an actual offering and the mandated average fallback
ok 669 - flat-roof activation requires both an actual offering and the mandated average fallback
  ---
  duration_ms: 112.6209
  type: 'test'
  ...
# Subtest: a medium repair cannot quote from a nested map containing only small
ok 670 - a medium repair cannot quote from a nested map containing only small
  ---
  duration_ms: 17.1729
  type: 'test'
  ...
# Subtest: misspelled Class 2 map keys fail closed
ok 671 - misspelled Class 2 map keys fail closed
  ---
  duration_ms: 18.4602
  type: 'test'
  ...
# Subtest: reversed flooring room-size thresholds fail shared validation
ok 672 - reversed flooring room-size thresholds fail shared validation
  ---
  duration_ms: 29.563
  type: 'test'
  ...
# Subtest: itemized roofing cannot activate or quote with an accessory price missing
ok 673 - itemized roofing cannot activate or quote with an accessory price missing
  ---
  duration_ms: 29.3775
  type: 'test'
  ...
# Subtest: an explicitly confirmed zero accessory length is recorded as no physical scope
ok 674 - an explicitly confirmed zero accessory length is recorded as no physical scope
  ---
  duration_ms: 42.3097
  type: 'test'
  ...
# Subtest: fractional cents and unsupported pricing controls are rejected
ok 675 - fractional cents and unsupported pricing controls are rejected
  ---
  duration_ms: 52.3359
  type: 'test'
  ...
# Subtest: unexpected customer fields never influence a quote
ok 676 - unexpected customer fields never influence a quote
  ---
  duration_ms: 5.3916
  type: 'test'
  ...
# Subtest: AI-suggested pricing and optional disposal overrides cannot quote before confirmation
ok 677 - AI-suggested pricing and optional disposal overrides cannot quote before confirmation
  ---
  duration_ms: 17.2414
  type: 'test'
  ...
# Subtest: customer review responses are sanitized at early and late gates
ok 678 - customer review responses are sanitized at early and late gates
  ---
  duration_ms: 24.0665
  type: 'test'
  ...
# Subtest: partial flat-roof area and percentage must agree
ok 679 - partial flat-roof area and percentage must agree
  ---
  duration_ms: 13.2997
  type: 'test'
  ...
# Subtest: interior floor-area and room-count shortcuts are inspection-first
ok 680 - interior floor-area and room-count shortcuts are inspection-first
  ---
  duration_ms: 15.2356
  type: 'test'
  ...
# Subtest: painting labor and material respond exactly to measured wall area and coat count
ok 681 - painting labor and material respond exactly to measured wall area and coat count
  ---
  duration_ms: 36.2146
  type: 'test'
  ...
# Subtest: fencing rejects caller post counts and exposes the missing geometry and mixed-charge decisions
ok 682 - fencing rejects caller post counts and exposes the missing geometry and mixed-charge decisions
  ---
  duration_ms: 31.8651
  type: 'test'
  ...
# Subtest: common disposal follows physical scope and cannot substitute for missing selected bagging pricing
ok 683 - common disposal follows physical scope and cannot substitute for missing selected bagging pricing
  ---
  duration_ms: 54.3802
  type: 'test'
  ...
# Subtest: mulch disposal scope follows measured bed preparation scope
ok 684 - mulch disposal scope follows measured bed preparation scope
  ---
  duration_ms: 37.7945
  type: 'test'
  ...
# Subtest: TAX_ALL taxes the full pre-tax subtotal regardless of category taxability flags
ok 685 - TAX_ALL taxes the full pre-tax subtotal regardless of category taxability flags
  ---
  duration_ms: 16.4418
  type: 'test'
  ...
# Subtest: service status and the real price-book path preserve valid tiers when another tier fails
ok 686 - service status and the real price-book path preserve valid tiers when another tier fails
  ---
  duration_ms: 129.1835
  type: 'test'
  ...
# Subtest: complete tier overrides can activate and quote even when the base pricing is incomplete
ok 687 - complete tier overrides can activate and quote even when the base pricing is incomplete
  ---
  duration_ms: 141.5154
  type: 'test'
  ...
# Subtest: duplicate tier names fail before calculation
ok 688 - duplicate tier names fail before calculation
  ---
  duration_ms: 11.2384
  type: 'test'
  ...
# Subtest: custom ranges reject negative values and exact service-name mismatches
ok 689 - custom ranges reject negative values and exact service-name mismatches
  ---
  duration_ms: 9.8801
  type: 'test'
  ...
# Subtest: every custom quantity unit validates its matching input but all calculation paths fail closed
ok 690 - every custom quantity unit validates its matching input but all calculation paths fail closed
  ---
  duration_ms: 38.0008
  type: 'test'
  ...
# Subtest: unknown flat-roof facts require inspection and obsolete assumption controls are rejected
ok 691 - unknown flat-roof facts require inspection and obsolete assumption controls are rejected
  ---
  duration_ms: 28.5166
  type: 'test'
  ...
# Subtest: customer sanitizer never exposes calculation records, rates, or owner rules
ok 692 - customer sanitizer never exposes calculation records, rates, or owner rules
  ---
  duration_ms: 12.9834
  type: 'test'
  ...
# Subtest: candidate formulas contain none of the removed geometry and hidden-factor shortcuts
ok 693 - candidate formulas contain none of the removed geometry and hidden-factor shortcuts
  ---
  duration_ms: 3.1884
  type: 'test'
  ...
# Subtest: candidate price-book metadata has specific labels instead of generic raw-key fallbacks
ok 694 - candidate price-book metadata has specific labels instead of generic raw-key fallbacks
  ---
  duration_ms: 72.3206
  type: 'test'
  ...
# Subtest: owner-selected common fees require an explicit owner decision
ok 695 - owner-selected common fees require an explicit owner decision
  ---
  duration_ms: 10.973
  type: 'test'
  ...
# Subtest: installation services reject replacement-only scope instead of silently deleting it
ok 696 - installation services reject replacement-only scope instead of silently deleting it
  ---
  duration_ms: 19.4221
  type: 'test'
  ...
# Subtest: underlayment and gate measurements reject contradictory selected scope
ok 697 - underlayment and gate measurements reject contradictory selected scope
  ---
  duration_ms: 20.6894
  type: 'test'
  ...
# Subtest: supported concrete finishes round the base and finish-extra components independently
ok 698 - supported concrete finishes round the base and finish-extra components independently
  ---
  duration_ms: 27.5706
  type: 'test'
  ...
# Subtest: buffered ranges cannot use remitted tax to satisfy a pre-tax minimum
ok 699 - buffered ranges cannot use remitted tax to satisfy a pre-tax minimum
  ---
  duration_ms: 14.1374
  type: 'test'
  ...
# Subtest: price-book statuses fail closed when business-wide defaults are invalid
ok 700 - price-book statuses fail closed when business-wide defaults are invalid
  ---
  duration_ms: 20.8751
  type: 'test'
  ...
# Subtest: duplicate built-in services are invalid and cannot be quoted ambiguously
ok 701 - duplicate built-in services are invalid and cannot be quoted ambiguously
  ---
  duration_ms: 126.1018
  type: 'test'
  ...
# Subtest: case-insensitive duplicate custom service names cannot activate or quote ambiguously
ok 702 - case-insensitive duplicate custom service names cannot activate or quote ambiguously
  ---
  duration_ms: 33.6885
  type: 'test'
  ...
# Subtest: custom ranges remain fail-closed at public and raw boundaries pending charge classification
ok 703 - custom ranges remain fail-closed at public and raw boundaries pending charge classification
  ---
  duration_ms: 6.1043
  type: 'test'
  ...
